Taxonomy,Zone_1-2025-MS_MiM,Zone_3-2025-MS_MiM,Zone_1-2024-MS_MiM,Zone_3-2024-MS_MiM,Zone_1-2023-MS_MiM,Zone_3-2023-MS_MiM,Zone_1-2023-NS_MiU,Zone_3-2023-NS_MiU,Zone_1-2022-NS_MiU,Zone_3-2022-NS_MiU
k__Metazoa;p__Chordata;c__Actinopteri;o__Clupeiformes;f__Clupeidae;g__Brevoortia;s__Brevoortia tyrannus (Atlantic menhaden),366217,257991,500128,258282,511311,1024940,3915994,6699406,2603293,6094507
k__Metazoa;p__Chordata;c__Actinopteri;o__Cyprinodontiformes;f__Fundulidae;g__Fundulus;s__Fundulus heteroclitus (mummichog),865063,92367,1012656,22658,418217,7779,1159336,0,22096275,2322868
k__Metazoa;p__Chordata;c__Actinopteri;o__Gadiformes;f__Gadidae;g__Microgadus;s__Microgadus tomcod (Atlantic tomcod),1720644,2031,1515537,18251,677462,7725,7790487,0,8215221,1156413
k__Metazoa;p__Chordata;c__Actinopteri;o__Clupeiformes;f__Clupeidae;g__Clupea;s__Clupea harengus (Atlantic herring),108819,497413,9333,142435,15159,88746,605968,300075,1391385,3491980
k__Metazoa;p__Chordata;c__Actinopteri;o__Gadiformes;f__Gaidropsaridae;g__Enchelyopus;s__Enchelyopus cimbrius (fourbeard rockling),0,0,796,0,3,0,0,0,4,565
k__Metazoa;p__Chordata;c__Actinopteri;o__Anguilliformes;f__Anguillidae;g__Anguilla;s__Anguilla rostrata (American eel),22007,6,134992,11370,445573,251,4952304,0,3289770,0
k__Metazoa;p__Chordata;c__Actinopteri;o__Atheriniformes;f__Atherinopsidae;g__Menidia;s__Menidia menidia (Atlantic silverside),287751,337,278720,60916,146065,26935,1166706,102026,2981341,0
k__Metazoa;p__Chordata;c__Actinopteri;o__Clupeiformes;f__Clupeidae;g__Alosa;s__Alosa pseudoharengus (alewife),85915,114118,154878,45063,78864,24310,578623,116748,106,388609
k__Metazoa;p__Chordata;c__Actinopteri;o__Scombriformes;f__Scombridae;g__Scomber;s__Scomber scombrus (Atlantic mackerel),24,0,175,19245,49,0,1039376,0,0,3
k__Metazoa;p__Chordata;c__Actinopteri;o__Cypriniformes;f__Catostomidae;g__Catostomus;s__Catostomus commersonii (white sucker),0,0,22229,0,149914,33,2067147,0,0,0
k__Metazoa;p__Chordata;c__Actinopteri;o__Gadiformes;f__Phycidae;g__Urophycis;s__Urophycis chuss (red hake),0,0,0,0,1307,4484,0,0,0,2187196
k__Metazoa;p__Chordata;c__Actinopteri;o__Labriformes;f__Labridae;g__Tautogolabrus;s__Tautogolabrus adspersus (cunner),2745,54002,174,16021,4,12,0,0,0,1928475
k__Metazoa;p__Chordata;c__Actinopteri;o__Pleuronectiformes;f__Pleuronectidae;g__Pseudopleuronectes;s__Pseudopleuronectes americanus (winter flounder),196438,250,30907,36704,23581,10332,421643,0,0,0
k__Metazoa;p__Chordata;c__Actinopteri;o__Osmeriformes;f__Osmeridae;g__Osmerus;s__Osmerus mordax (rainbow smelt),181518,152,65720,14931,102311,4835,44165,0,66925,0
k__Metazoa;p__Chordata;c__Actinopteri;o__unclassified Actinopteri order;f__Moronidae;g__Morone;s__Morone saxatilis (striped sea-bass),92910,18,54066,5,79492,8571,144011,0,0,0
k__Metazoa;p__Chordata;c__Actinopteri;o__Perciformes;f__Pholidae;g__Pholis;s__Pholis gunnellus (rock gunnel),24154,112,143,25398,11136,0,0,0,0,0
k__Metazoa;p__Chordata;c__Actinopteri;o__Gadiformes;f__Phycidae;g__Urophycis;s__Urophycis tenuis (white hake),46204,0,44697,7100,4,0,0,0,0,0
k__Metazoa;p__Chordata;c__Actinopteri;o__Perciformes;f__Cryptacanthodidae;g__Cryptacanthodes;s__Cryptacanthodes maculatus (wrymouth),13108,26,7580,5980,0,7832,0,0,0,0
k__Metazoa;p__Chordata;c__Actinopteri;o__Gadiformes;f__Gadidae;g__Gadus;s__Gadus morhua (Atlantic cod),28,157,0,0,0,0,0,0,0,0
k__Metazoa;p__Chordata;c__Actinopteri;o__Perciformes;f__Zoarcidae;g__Zoarces;s__Zoarces americanus (ocean pout),3638,32181,2721,14431,0,0,0,0,0,0
k__Metazoa;p__Chordata;c__Chondrichthyes;o__Rajiformes;f__Rajidae;g__Leucoraja;s__Leucoraja ocellata (winter skate),840,0,39,22,0,0,0,0,0,0
k__Metazoa;p__Chordata;c__Actinopteri;o__Perciformes;f__Cottidae;g__Myoxocephalus;s__Myoxocephalus aenaeus (grubby sculpin),38294,46,0,27955,6181,0,0,0,0,0
k__Metazoa;p__Chordata;c__Actinopteri;o__Acipenseriformes;f__Acipenseridae;g__Acipenser;s__Acipenser oxyrinchus (Atlantic sturgeon),45962,19,11380,6103,0,0,0,0,0,0
k__Metazoa;p__Chordata;c__Mammalia;o__Artiodactyla;f__Phocoenidae;g__Phocoena;s__Phocoena phocoena (harbor porpoise),18,0,16098,3167,2269,1221,511,0,31086,0
k__Metazoa;p__Chordata;c__Actinopteri;o__Perciformes;f__Agonidae;g__Hemitripterus;s__Hemitripterus americanus (sea raven),6110,8,7,8,0,0,0,0,0,0
k__Metazoa;p__Chordata;c__Actinopteri;o__Perciformes;f__Stichaeidae;g__Eumesogrammus;s__Eumesogrammus praecisus (fourline snakeblenny),0,15247,0,0,22,27,0,0,0,0
k__Metazoa;p__Chordata;c__Mammalia;o__Carnivora;f__Phocidae;g__Phoca;s__Phoca vitulina (harbor seal),13369,0,0,0,11598,3464,7947,1078,0,0
k__Metazoa;p__Chordata;c__Chondrichthyes;o__Rajiformes;f__Rajidae;g__Leucoraja;s__Leucoraja erinaceus (little skate),2445,0,6290,17592,2,0,0,0,0,0
k__Metazoa;p__Chordata;c__Actinopteri;o__Perciformes;f__Gasterosteidae;g__Apeltes;s__Apeltes quadracus (fourspine stickleback),21087,10,6196,0,10472,115,0,0,0,0
k__Metazoa;p__Chordata;c__Actinopteri;o__Perciformes;f__Cyclopteridae;g__Cyclopterus;s__Cyclopterus lumpus (lumpfish),13,23,0,0,0,0,0,0,0,0
k__Metazoa;p__Chordata;c__Actinopteri;o__Perciformes;f__Cottidae;g__Myoxocephalus;s__Myoxocephalus thompsonii (deepwater sculpin),0,0,2934,23486,0,0,0,0,0,0
k__Metazoa;p__Echinodermata;c__Asteroidea;o__Forcipulatida;f__Asteriidae;g__Asterias;s__Asterias rubens (European starfish),9506,11495,0,0,329,111,0,0,0,0
k__Metazoa;p__Chordata;c__Actinopteri;o__Perciformes;f__Cottidae;g__Myoxocephalus;s__Myoxocephalus scorpius (shorthorn sculpin),7,0,0,0,0,0,0,0,0,0
k__Metazoa;p__Chordata;c__Actinopteri;o__Centrarchiformes;f__Centrarchidae;g__Micropterus;s__Micropterus dolomieu (smallmouth bass),0,0,0,0,29318,0,0,0,0,0
k__Metazoa;p__Chordata;c__Actinopteri;o__Cypriniformes;f__Leuciscidae;g__Semotilus;s__Semotilus corporalis (fallfish),0,0,0,0,28171,0,0,0,0,0
k__Metazoa;p__Chordata;c__Actinopteri;o__Cypriniformes;f__Leuciscidae;g__Semotilus;s__Semotilus atromaculatus (creek chub),0,0,3559,0,22289,0,0,0,0,0
k__Metazoa;p__Chordata;c__Actinopteri;o__Gadiformes;f__Merlucciidae;g__Merluccius;s__Merluccius bilinearis (silver hake),0,0,0,0,3661,3923,0,0,0,0
k__Metazoa;p__Chordata;c__Actinopteri;o__Gadiformes;f__Gadidae;g__Pollachius;s__Pollachius virens (saithe),8544,0,0,0,0,0,0,0,0,0
k__Metazoa;p__Chordata;c__Actinopteri;o__Perciformes;f__Gasterosteidae;g__Gasterosteus;s__Gasterosteus wheatlandi (blackspotted stickleback),16,19490,0,0,0,0,0,0,0,0
k__Metazoa;p__Chordata;c__Chondrichthyes;o__Squaliformes;f__Squalidae;g__Squalus;s__Squalus acanthias (spiny dogfish),2805,7250,0,0,2608,0,0,0,0,0
k__Metazoa;p__Chordata;c__Actinopteri;o__Cypriniformes;f__Leuciscidae;g__Rhinichthys;s__Rhinichthys atratulus (blacknose dace),0,0,2419,0,8904,0,0,0,0,0
k__Metazoa;p__Chordata;c__Actinopteri;o__Lophiiformes;f__Lophiidae;g__Lophius;s__Lophius americanus (American angler),0,0,0,4,0,0,0,0,0,0
k__Metazoa;p__Chordata;c__Actinopteri;o__Perciformes;f__Gasterosteidae;g__Pungitius;s__Pungitius pungitius (ninespine stickleback),0,0,0,0,10516,0,0,0,0,0
k__Metazoa;p__Chordata;c__Chondrichthyes;o__Lamniformes;f__Alopiidae;g__Alopias;s__Alopias vulpinus (thresher shark),246,213,0,2968,319,0,0,0,0,0
k__Metazoa;p__Chordata;c__Actinopteri;o__Clupeiformes;f__Clupeidae;g__Sprattus;s__Sprattus sprattus (European sprat),0,0,0,0,0,0,2008,711,0,0
k__Metazoa;p__Chordata;c__Chondrichthyes;o__Lamniformes;f__Alopiidae;g__Carcharodon;s__Carcharodon carcharias (great white shark),0,0,0,1378,0,0,0,0,0,0
k__Metazoa;p__Chordata;c__Mammalia;o__Carnivora;f__Phocidae;g__Halichoerus;s__Halichoerus grypus (gray seal),684,0,0,0,0,824,0,0,0,0
k__Metazoa;p__Chordata;c__Actinopteri;o__Pleuronectiformes;f__Pleuronectidae;g__Reinhardtius;s__Reinhardtius hippoglossoides (Greenland flounder),0,0,0,0,0,0,0,0,80,45
k__Metazoa;p__Chordata;c__Actinopteri;o__Perciformes;f__Sebastidae;g__Sebastes;s__Sebastes mentella (deepwater redfish),0,0,0,0,0,0,0,0,11,5
k__Metazoa;p__Chordata;c__Actinopteri;o__Uranoscopiformes;f__Ammodytidae;g__Ammodytes;s__Ammodytes dubius (northern sand lance),0,0,0,0,0,0,0,0,0,2
