	Zone_2A_1_22	Zone_2A_10_22	Zone_2A_12_22	Zone_2B_1_22	Zone_2B_2_22	Zone_2B_3_22	Zone_3_1_22	Zone_3_2_22	Zone_3_3_22	Musq_01_22	Musq_02_22	Musq_04_22	Musq_06_22	Musq_07_22	Musq_08_22	Musq_11_22	Musq_15_22	Musq_16_22	Musq_19_22	Musq_20_22	Musq_22_22	Musq_24_22	Musq_26_22	Musq_28_22	Musq_30_22	Musq_32_22
Zone_2A_1_22	0.0	0.1916	0.21455	0.18955	0.16685	0.2018	0.23795	0.16795	0.18175	0.7496	0.74465	0.47425	0.36725	0.5516	0.3328	0.393	0.2968	0.2871	0.25735	0.2371	0.20395	0.22705	0.22675	0.1833	0.2098	0.26
Zone_2A_10_22	0.1916	0.0	0.21345	0.19825	0.1813	0.1999	0.2314	0.1846	0.16975	0.78885	0.78265	0.51975	0.4092	0.59375	0.36935	0.4451	0.3381	0.3122	0.2977	0.2435	0.22835	0.21675	0.22155	0.1728	0.1914	0.2601
Zone_2A_12_22	0.21455	0.21345	0.0	0.2254	0.18875	0.14915	0.1557	0.21985	0.16925	0.7815	0.77365	0.50095	0.3911	0.5831	0.31475	0.4134	0.28255	0.23815	0.24315	0.1838	0.1722	0.16395	0.1634	0.20125	0.1743	0.16325
Zone_2B_1_22	0.18955	0.19825	0.2254	0.0	0.16105	0.19855	0.2438	0.1642	0.18495	0.79165	0.7849	0.52145	0.41605	0.595	0.38095	0.4326	0.3429	0.32485	0.29585	0.2699	0.24045	0.23195	0.23085	0.18715	0.21365	0.26885
Zone_2B_2_22	0.16685	0.1813	0.18875	0.16105	0.0	0.1701	0.2164	0.16045	0.1587	0.7855	0.7773	0.50775	0.40315	0.589	0.358	0.4185	0.32335	0.29775	0.2733	0.24385	0.21135	0.20495	0.20325	0.167	0.1915	0.23915
Zone_2B_3_22	0.2018	0.1999	0.14915	0.19855	0.1701	0.0	0.16285	0.20135	0.161	0.78195	0.77485	0.50215	0.38965	0.58405	0.3237	0.40445	0.29055	0.25375	0.2438	0.19735	0.1804	0.16995	0.16715	0.188	0.1743	0.18475
Zone_3_1_22	0.23795	0.2314	0.1557	0.2438	0.2164	0.16285	0.0	0.24435	0.18705	0.78725	0.7816	0.50555	0.3954	0.59005	0.31145	0.4144	0.2809	0.2334	0.2451	0.18465	0.19015	0.16735	0.16245	0.21985	0.1956	0.1617
Zone_3_2_22	0.16795	0.1846	0.21985	0.1642	0.16045	0.20135	0.24435	0.0	0.1787	0.776	0.7712	0.50495	0.40255	0.5809	0.3676	0.422	0.3317	0.3169	0.2828	0.25625	0.2305	0.23155	0.22755	0.16495	0.20455	0.27155
Zone_3_3_22	0.18175	0.16975	0.16925	0.18495	0.1587	0.161	0.18705	0.1787	0.0	0.784	0.7773	0.506	0.39785	0.58725	0.33945	0.4292	0.30895	0.2709	0.27055	0.21445	0.1908	0.17955	0.18655	0.1688	0.1739	0.20995
Musq_01_22	0.7496	0.78885	0.7815	0.79165	0.7855	0.78195	0.78725	0.776	0.784	0.0	0.15015	0.3787	0.5401	0.32615	0.5797	0.5205	0.6396	0.7164	0.70905	0.75665	0.7475	0.7875	0.78345	0.79005	0.79035	0.78365
Musq_02_22	0.74465	0.78265	0.77365	0.7849	0.7773	0.77485	0.7816	0.7712	0.7773	0.15015	0.0	0.37655	0.537	0.3367	0.57285	0.52015	0.63475	0.70755	0.70345	0.75025	0.74005	0.7815	0.7747	0.7829	0.78345	0.77475
Musq_04_22	0.47425	0.51975	0.50095	0.52145	0.50775	0.50215	0.50555	0.50495	0.506	0.3787	0.37655	0.0	0.2561	0.2045	0.28575	0.25445	0.3582	0.43295	0.42375	0.4851	0.4667	0.50855	0.49825	0.5125	0.51915	0.5052
Musq_06_22	0.36725	0.4092	0.3911	0.41605	0.40315	0.38965	0.3954	0.40255	0.39785	0.5401	0.537	0.2561	0.0	0.32795	0.21215	0.21475	0.25515	0.3267	0.31145	0.3678	0.35985	0.3956	0.3837	0.4036	0.40165	0.4017
Musq_07_22	0.5516	0.59375	0.5831	0.595	0.589	0.58405	0.59005	0.5809	0.58725	0.32615	0.3367	0.2045	0.32795	0.0	0.37655	0.3099	0.4297	0.516	0.49615	0.56015	0.55065	0.58855	0.58225	0.59105	0.59015	0.59155
Musq_08_22	0.3328	0.36935	0.31475	0.38095	0.358	0.3237	0.31145	0.3676	0.33945	0.5797	0.57285	0.28575	0.21215	0.37655	0.0	0.22855	0.185	0.2483	0.24065	0.293	0.27095	0.32375	0.317	0.36215	0.34665	0.30285
Musq_11_22	0.393	0.4451	0.4134	0.4326	0.4185	0.40445	0.4144	0.422	0.4292	0.5205	0.52015	0.25445	0.21475	0.3099	0.22855	0.0	0.25915	0.3521	0.29945	0.3977	0.38125	0.42345	0.4052	0.43115	0.42465	0.42105
Musq_15_22	0.2968	0.3381	0.28255	0.3429	0.32335	0.29055	0.2809	0.3317	0.30895	0.6396	0.63475	0.3582	0.25515	0.4297	0.185	0.25915	0.0	0.2347	0.19535	0.2631	0.24445	0.2944	0.2812	0.32425	0.31035	0.2798
Musq_16_22	0.2871	0.3122	0.23815	0.32485	0.29775	0.25375	0.2334	0.3169	0.2709	0.7164	0.70755	0.43295	0.3267	0.516	0.2483	0.3521	0.2347	0.0	0.21775	0.2091	0.21565	0.2533	0.24725	0.30285	0.27305	0.22475
Musq_19_22	0.25735	0.2977	0.24315	0.29585	0.2733	0.2438	0.2451	0.2828	0.27055	0.70905	0.70345	0.42375	0.31145	0.49615	0.24065	0.29945	0.19535	0.21775	0.0	0.2269	0.2086	0.25785	0.23985	0.28025	0.259	0.25165
Musq_20_22	0.2371	0.2435	0.1838	0.2699	0.24385	0.19735	0.18465	0.25625	0.21445	0.75665	0.75025	0.4851	0.3678	0.56015	0.293	0.3977	0.2631	0.2091	0.2269	0.0	0.17825	0.19085	0.1943	0.23705	0.20575	0.18535
Musq_22_22	0.20395	0.22835	0.1722	0.24045	0.21135	0.1804	0.19015	0.2305	0.1908	0.7475	0.74005	0.4667	0.35985	0.55065	0.27095	0.38125	0.24445	0.21565	0.2086	0.17825	0.0	0.195	0.19315	0.21365	0.2052	0.1848
Musq_24_22	0.22705	0.21675	0.16395	0.23195	0.20495	0.16995	0.16735	0.23155	0.17955	0.7875	0.7815	0.50855	0.3956	0.58855	0.32375	0.42345	0.2944	0.2533	0.25785	0.19085	0.195	0.0	0.17515	0.20115	0.1802	0.18025
Musq_26_22	0.22675	0.22155	0.1634	0.23085	0.20325	0.16715	0.16245	0.22755	0.18655	0.78345	0.7747	0.49825	0.3837	0.58225	0.317	0.4052	0.2812	0.24725	0.23985	0.1943	0.19315	0.17515	0.0	0.20415	0.1849	0.18685
Musq_28_22	0.1833	0.1728	0.20125	0.18715	0.167	0.188	0.21985	0.16495	0.1688	0.79005	0.7829	0.5125	0.4036	0.59105	0.36215	0.43115	0.32425	0.30285	0.28025	0.23705	0.21365	0.20115	0.20415	0.0	0.1805	0.2461
Musq_30_22	0.2098	0.1914	0.1743	0.21365	0.1915	0.1743	0.1956	0.20455	0.1739	0.79035	0.78345	0.51915	0.40165	0.59015	0.34665	0.42465	0.31035	0.27305	0.259	0.20575	0.2052	0.1802	0.1849	0.1805	0.0	0.2196
Musq_32_22	0.26	0.2601	0.16325	0.26885	0.23915	0.18475	0.1617	0.27155	0.20995	0.78365	0.77475	0.5052	0.4017	0.59155	0.30285	0.42105	0.2798	0.22475	0.25165	0.18535	0.1848	0.18025	0.18685	0.2461	0.2196	0.0
