sample-id,input,filtered,percentage of input passed filter,denoised,merged,percentage of input merged,non-chimeric,percentage of input non-chimeric,Year,Marker,Platform,Sample_target
2A01S1,773695,622056,80.4,614487,591370,76.43,543271,70.22,22,COI,NS,surface
2A01S2,1006240,925964,92.02,918303,894355,88.88,840842,83.56,22,COI,NS,surface
2A01S3,889757,809034,90.93,803152,781389,87.82,726553,81.66,22,COI,NS,surface
2A10S3,870862,770861,88.52,765582,745034,85.55,696908,80.03,22,COI,NS,surface
2A12B1,874496,744252,85.11,737472,708903,81.06,642810,73.51,22,COI,NS,bottom
2A12B2,1033007,939906,90.99,932510,900966,87.22,820756,79.45,22,COI,NS,bottom
2A12B3,1010556,930176,92.05,923182,897128,88.78,832768,82.41,22,COI,NS,bottom
2A12S1,943284,866164,91.82,859952,831616,88.16,759677,80.54,22,COI,NS,surface
2A12S2,874336,783035,89.56,777123,755163,86.37,707104,80.87,22,COI,NS,surface
2A12S3,1001234,862183,86.11,855433,825289,82.43,750439,74.95,22,COI,NS,surface
2B01S1,1071274,981336,91.6,973768,944521,88.17,872683,81.46,22,COI,NS,surface
2B01S2,1218561,1099914,90.26,1092982,1061080,87.08,985228,80.85,22,COI,NS,surface
2B02S1,1099030,995069,90.54,987290,953430,86.75,876076,79.71,22,COI,NS,surface
2B02S2,896576,823401,91.84,816147,790183,88.13,726489,81.03,22,COI,NS,surface
2B03B1,944099,863486,91.46,857784,834554,88.4,780658,82.69,22,COI,NS,bottom
2B03B2,1114554,941927,84.51,935120,906458,81.33,836822,75.08,22,COI,NS,bottom
2B03B3,928410,850260,91.58,844486,817085,88.01,742823,80.01,22,COI,NS,bottom
2B03S1,1042531,911389,87.42,904616,878343,84.25,815161,78.19,22,COI,NS,surface
2B03S2,981290,886383,90.33,879346,853971,87.03,794484,80.96,22,COI,NS,surface
2B03S3,924332,828876,89.67,822152,785496,84.98,686729,74.29,22,COI,NS,surface
301B1,938525,848178,90.37,841312,812259,86.55,739664,78.81,22,COI,NS,bottom
301B2,957987,875426,91.38,869694,845891,88.3,778515,81.27,22,COI,NS,bottom
301B3,1139730,1034809,90.79,1026296,992382,87.07,899934,78.96,22,COI,NS,bottom
301S1,19,15,78.95,6,4,21.05,4,21.05,22,COI,NS,surface
301S2,1014959,921783,90.82,914389,887724,87.46,832682,82.04,22,COI,NS,surface
301S3,1039854,943905,90.77,936694,903963,86.93,818987,78.76,22,COI,NS,surface
302S1,1050061,960311,91.45,953488,927067,88.29,862117,82.1,22,COI,NS,surface
302S2,805058,719590,89.38,715076,699048,86.83,657995,81.73,22,COI,NS,surface
302S3,852100,770750,90.45,764987,743884,87.3,693098,81.34,22,COI,NS,surface
303S1,915425,838900,91.64,831743,803377,87.76,740987,80.94,22,COI,NS,surface
303S2,979892,903536,92.21,897704,875315,89.33,825365,84.23,22,COI,NS,surface
303S3,934196,856597,91.69,850338,818479,87.61,728947,78.03,22,COI,NS,surface
B0912,130815,102446,78.31,102442,101919,77.91,101901,77.9,22,COI,NS,blank
B0913,387558,347734,89.72,346574,342576,88.39,340909,87.96,22,COI,NS,blank
Extraction_blank_001,14,8,57.14,2,2,14.29,2,14.29,22,COI,NS,blank
Extraction_blank_002,30583,27903,91.24,27710,27437,89.71,27435,89.71,22,COI,NS,blank
Extraction_blank_003,557804,512951,91.96,511717,503948,90.34,476868,85.49,22,COI,NS,blank
LB01,19925,15192,76.25,15191,15190,76.24,15183,76.2,22,COI,NS,blank
LB02,20479,18723,91.43,18721,18696,91.29,18696,91.29,22,COI,NS,blank
M01S1,925920,807293,87.19,799076,779577,84.19,742762,80.22,22,COI,NS,surface
M01S2,1093342,1003632,91.79,996361,977360,89.39,936460,85.65,22,COI,NS,surface
M01S3,872870,701385,80.35,690137,669583,76.71,641380,73.48,22,COI,NS,surface
M02S1,1164284,1071642,92.04,1063958,1041551,89.46,984411,84.55,22,COI,NS,surface
M04S1,899354,825741,91.81,818779,794640,88.36,738834,82.15,22,COI,NS,surface
M04S2,852583,762999,89.49,754855,734665,86.17,692884,81.27,22,COI,NS,surface
M04S3,1077200,982636,91.22,974655,949746,88.17,892008,82.81,22,COI,NS,surface
M06S2,1004892,905669,90.13,896886,867672,86.34,806427,80.25,22,COI,NS,surface
M06S3,1127825,1042486,92.43,1033205,1006444,89.24,942852,83.6,22,COI,NS,surface
M07S1,1059751,966885,91.24,958494,936161,88.34,891795,84.15,22,COI,NS,surface
M07S2,932832,852077,91.34,843487,823054,88.23,786066,84.27,22,COI,NS,surface
M08B1,1061501,969831,91.36,966491,951055,89.6,889696,83.81,22,COI,NS,bottom
M08S2,901163,827473,91.82,819454,792186,87.91,721689,80.08,22,COI,NS,surface
M08S3,917287,847421,92.38,840353,814729,88.82,744984,81.22,22,COI,NS,surface
M11S1,904448,828729,91.63,821156,795895,88.0,730088,80.72,22,COI,NS,surface
M11S2,926669,841161,90.77,831353,806789,87.06,761579,82.18,22,COI,NS,surface
M11S3,969764,880400,90.78,870494,846504,87.29,799170,82.41,22,COI,NS,surface
M15S1,1126082,1026127,91.12,1018117,988594,87.79,911978,80.99,22,COI,NS,surface
M15S2,1018901,925223,90.81,915221,887243,87.08,826755,81.14,22,COI,NS,surface
M15S3,958546,884770,92.3,876580,846684,88.33,771735,80.51,22,COI,NS,surface
M16S2,801487,735356,91.75,728515,700361,87.38,626897,78.22,22,COI,NS,surface
M16S3,1092219,1004189,91.94,996810,965402,88.39,880085,80.58,22,COI,NS,surface
M19S1,1004032,909035,90.54,899716,871542,86.8,802429,79.92,22,COI,NS,surface
M19S2,965221,875668,90.72,865668,838240,86.84,776512,80.45,22,COI,NS,surface
M19S3,792050,644440,81.36,634698,611238,77.17,563461,71.14,22,COI,NS,surface
M20B1,1107621,1010836,91.26,1004242,978659,88.36,907089,81.9,22,COI,NS,bottom
M20B2,1069812,939381,87.81,929395,895047,83.66,812106,75.91,22,COI,NS,bottom
M20B3,846558,774370,91.47,766072,734949,86.82,657827,77.71,22,COI,NS,bottom
M22S1,969283,891524,91.98,883174,851591,87.86,771526,79.6,22,COI,NS,surface
M22S2,989226,896261,90.6,887126,854896,86.42,775088,78.35,22,COI,NS,surface
M22S3,836945,528959,63.2,518109,493619,58.98,453218,54.15,22,COI,NS,surface
M24S1,927408,803856,86.68,797234,769619,82.99,702098,75.71,22,COI,NS,surface
M24S2,915467,740790,80.92,733713,709919,77.55,660890,72.19,22,COI,NS,surface
M24S3,1128823,1027409,91.02,1018697,990450,87.74,924089,81.86,22,COI,NS,surface
M26S1,1003410,897554,89.45,889791,859912,85.7,788394,78.57,22,COI,NS,surface
M26S2,974567,867004,88.96,859154,830063,85.17,759162,77.9,22,COI,NS,surface
M28S1,984839,889545,90.32,882339,853533,86.67,781999,79.4,22,COI,NS,surface
M28S2,541449,486381,89.83,479871,461389,85.21,424207,78.35,22,COI,NS,surface
M28S3,986118,901895,91.46,895873,877278,88.96,830242,84.19,22,COI,NS,surface
M30B1,1190529,994763,83.56,985224,956479,80.34,894575,75.14,22,COI,NS,bottom
M30B2,957992,851921,88.93,842101,814270,85.0,754539,78.76,22,COI,NS,bottom
M30B3,955678,869263,90.96,861280,831897,87.05,760113,79.54,22,COI,NS,bottom
M30S1,707999,355921,50.27,347696,329101,46.48,306905,43.35,22,COI,NS,surface
M30S2,773581,702926,90.87,697703,679965,87.9,638981,82.6,22,COI,NS,surface
M32B1,588386,282082,47.94,275417,259579,44.12,239624,40.73,22,COI,NS,bottom
M32B2,864185,766499,88.7,760106,728444,84.29,647030,74.87,22,COI,NS,bottom
M32B3,965935,845623,87.54,838761,810915,83.95,746492,77.28,22,COI,NS,bottom
M32S2,894049,817310,91.42,810467,781039,87.36,703546,78.69,22,COI,NS,surface
M32S3,1167847,1071380,91.74,1063436,1029000,88.11,943194,80.76,22,COI,NS,surface
PCR_blank_001,325,35,10.77,31,31,9.54,31,9.54,22,COI,NS,blank
PCR_blank_002,6083,4,0.07,3,0,0.0,0,0.0,22,COI,NS,blank
2A01S1,11318,10816,95.56,10536,959,8.47,959,8.47,22,mifish,NS,surface
2A01S2,1919110,1878328,97.87,1877563,1758138,91.61,1743705,90.86,22,mifish,NS,surface
2A01S3,18993,18353,96.63,18073,638,3.36,638,3.36,22,mifish,NS,surface
2A10S3,12504,12143,97.11,11983,517,4.13,517,4.13,22,mifish,NS,surface
2A12B1,5732,5009,87.39,4837,126,2.2,126,2.2,22,mifish,NS,bottom
2A12B2,8420,7895,93.76,7716,1326,15.75,1326,15.75,22,mifish,NS,bottom
2A12B3,26088,25480,97.67,25248,4312,16.53,4240,16.25,22,mifish,NS,bottom
2A12S1,20810,20139,96.78,19833,612,2.94,612,2.94,22,mifish,NS,surface
2A12S2,44993,43664,97.05,43434,25509,56.7,23878,53.07,22,mifish,NS,surface
2A12S3,3613403,3520424,97.43,3519754,3348546,92.67,3311289,91.64,22,mifish,NS,surface
2B01S1,19965,17215,86.23,16972,1049,5.25,1049,5.25,22,mifish,NS,surface
2B01S2,68388,65643,95.99,58278,35231,51.52,35127,51.36,22,mifish,NS,surface
2B02S1,12427787,12154089,97.8,12143611,11544979,92.9,11456031,92.18,22,mifish,NS,surface
2B02S2,3826320,3735935,97.64,3733729,3540898,92.54,3499631,91.46,22,mifish,NS,surface
2B03B1,3662150,3579157,97.73,3576316,3419717,93.38,3409139,93.09,22,mifish,NS,bottom
2B03B2,2359309,2293406,97.21,2271849,2120935,89.9,2086540,88.44,22,mifish,NS,bottom
2B03B3,18068,17611,97.47,17365,1979,10.95,1979,10.95,22,mifish,NS,bottom
2B03S1,1874512,1824616,97.34,1824140,1666152,88.88,1661277,88.62,22,mifish,NS,surface
2B03S2,1188043,1156341,97.33,1155275,1107542,93.22,1103269,92.86,22,mifish,NS,surface
2B03S3,10768,10243,95.12,10110,678,6.3,678,6.3,22,mifish,NS,surface
301B1,3549196,3460596,97.5,3458762,3261936,91.91,3224864,90.86,22,mifish,NS,bottom
301B2,17879,17392,97.28,17178,1063,5.95,1063,5.95,22,mifish,NS,bottom
301B3,27301,26517,97.13,26309,1154,4.23,1154,4.23,22,mifish,NS,bottom
301S1,34945,33774,96.65,33505,14572,41.7,14445,41.34,22,mifish,NS,surface
301S2,2521609,2458390,97.49,2452253,2291607,90.88,2282617,90.52,22,mifish,NS,surface
301S3,9866,9431,95.59,9238,1512,15.33,1512,15.33,22,mifish,NS,surface
302S1,4373471,4270078,97.64,4248533,4078915,93.26,4054116,92.7,22,mifish,NS,surface
302S2,919,655,71.27,597,7,0.76,7,0.76,22,mifish,NS,surface
302S3,20177,19655,97.41,19489,629,3.12,629,3.12,22,mifish,NS,surface
303S1,23487,22783,97.0,22526,1113,4.74,1113,4.74,22,mifish,NS,surface
303S2,100506,98399,97.9,98065,93801,93.33,93433,92.96,22,mifish,NS,surface
303S3,4531,2154,47.54,2060,1210,26.7,1210,26.7,22,mifish,NS,surface
B0912,98,1,1.02,1,0,0.0,0,0.0,22,mifish,NS,blank
B0913,101,11,10.89,10,0,0.0,0,0.0,22,mifish,NS,blank
Extraction_blank_001,1,0,0.0,0,0,0.0,0,0.0,22,mifish,NS,blank
Extraction_blank_002,52,3,5.77,1,1,1.92,1,1.92,22,mifish,NS,blank
Extraction_blank_003,11,0,0.0,0,0,0.0,0,0.0,22,mifish,NS,blank
LB01,68,0,0.0,0,0,0.0,0,0.0,22,mifish,NS,blank
LB02,14,6,42.86,6,0,0.0,0,0.0,22,mifish,NS,blank
M01S1,1592253,1541421,96.81,1539390,1384654,86.96,1352580,84.95,22,mifish,NS,surface
M01S2,1965833,1915552,97.44,1912907,1779219,90.51,1766954,89.88,22,mifish,NS,surface
M01S3,1137515,1087025,95.56,1085201,859179,75.53,852840,74.97,22,mifish,NS,surface
M02S1,3298605,3228456,97.87,3225207,3003198,91.04,2960873,89.76,22,mifish,NS,surface
M04S1,913832,892681,97.69,892129,842295,92.17,834522,91.32,22,mifish,NS,surface
M04S2,2841361,2771192,97.53,2770459,2568419,90.39,2510168,88.34,22,mifish,NS,surface
M04S3,1766656,1717534,97.22,1716570,1606520,90.94,1601156,90.63,22,mifish,NS,surface
M06S2,89023,86196,96.82,85385,61880,69.51,61617,69.21,22,mifish,NS,surface
M06S3,1829328,1788513,97.77,1785912,1680324,91.85,1671208,91.36,22,mifish,NS,surface
M07S1,2119033,2065891,97.49,2062735,1924123,90.8,1917405,90.48,22,mifish,NS,surface
M07S2,1475518,1436483,97.35,1435842,1304355,88.4,1300805,88.16,22,mifish,NS,surface
M08B1,1560468,1520210,97.42,1519710,1422203,91.14,1418640,90.91,22,mifish,NS,bottom
M08S2,2586899,2525949,97.64,2521870,2369831,91.61,2325106,89.88,22,mifish,NS,surface
M08S3,2889318,2821232,97.64,2818288,2632129,91.1,2610231,90.34,22,mifish,NS,surface
M11S1,2227667,2172139,97.51,2169737,2047447,91.91,2036408,91.41,22,mifish,NS,surface
M11S2,2345770,2282816,97.32,2280493,2114379,90.14,2097501,89.42,22,mifish,NS,surface
M11S3,2736569,2666996,97.46,2660869,2469274,90.23,2457069,89.79,22,mifish,NS,surface
M15S1,2192873,2138114,97.5,2135130,2046926,93.34,2043590,93.19,22,mifish,NS,surface
M15S2,2554026,2482410,97.2,2480616,2310096,90.45,2306003,90.29,22,mifish,NS,surface
M15S3,3484733,3400757,97.59,3397142,3107379,89.17,3081127,88.42,22,mifish,NS,surface
M16S2,5325,5050,94.84,4822,426,8.0,426,8.0,22,mifish,NS,surface
M16S3,2126695,2071551,97.41,2070908,1945758,91.49,1933746,90.93,22,mifish,NS,surface
M19S1,1444104,1405518,97.33,1403432,1314026,90.99,1307886,90.57,22,mifish,NS,surface
M19S2,921007,898698,97.58,897744,819852,89.02,813880,88.37,22,mifish,NS,surface
M19S3,3460148,3322745,96.03,3316687,2713572,78.42,2681748,77.5,22,mifish,NS,surface
M20B1,408962,398534,97.45,398341,379383,92.77,378995,92.67,22,mifish,NS,bottom
M20B2,3128764,3044995,97.32,3039574,2808361,89.76,2760022,88.21,22,mifish,NS,bottom
M20B3,2529426,2474660,97.83,2474201,2356096,93.15,2336062,92.36,22,mifish,NS,bottom
M22S1,1234800,1204095,97.51,1203051,1133851,91.82,1129319,91.46,22,mifish,NS,surface
M22S2,1279657,1249609,97.65,1247071,1185136,92.61,1175929,91.89,22,mifish,NS,surface
M22S3,19614,18692,95.3,18068,356,1.82,356,1.82,22,mifish,NS,surface
M24S1,51630,50026,96.89,49650,26391,51.12,26252,50.85,22,mifish,NS,surface
M24S2,3628194,3521209,97.05,3519538,3204486,88.32,3159989,87.1,22,mifish,NS,surface
M24S3,20038,19422,96.93,19105,395,1.97,395,1.97,22,mifish,NS,surface
M26S1,49872,48328,96.9,48041,31713,63.59,31423,63.01,22,mifish,NS,surface
M26S2,2357418,2292852,97.26,2292054,2163101,91.76,2128206,90.28,22,mifish,NS,surface
M28S1,87978,85455,97.13,84346,66941,76.09,66769,75.89,22,mifish,NS,surface
M28S2,836495,816827,97.65,815540,771704,92.25,769912,92.04,22,mifish,NS,surface
M28S3,48670,47157,96.89,43649,33942,69.74,33942,69.74,22,mifish,NS,surface
M30B1,1330738,1297974,97.54,1291740,1156571,86.91,1151850,86.56,22,mifish,NS,bottom
M30B2,1394611,1364992,97.88,1364237,1289648,92.47,1284805,92.13,22,mifish,NS,bottom
M30B3,22336,21688,97.1,21346,2213,9.91,2213,9.91,22,mifish,NS,bottom
M30S1,1278533,1019006,79.7,1014300,559537,43.76,537731,42.06,22,mifish,NS,surface
M30S2,31599,30542,96.65,30374,12986,41.1,12986,41.1,22,mifish,NS,surface
M32B1,332957,205733,61.79,203859,104780,31.47,101012,30.34,22,mifish,NS,bottom
M32B2,7904,5100,64.52,4977,360,4.55,360,4.55,22,mifish,NS,bottom
M32B3,3652492,3549858,97.19,3542941,3186269,87.24,3107009,85.07,22,mifish,NS,bottom
M32S2,2423640,2365265,97.59,2364458,2203189,90.9,2185164,90.16,22,mifish,NS,surface
M32S3,2807438,2746676,97.84,2743218,2611978,93.04,2596589,92.49,22,mifish,NS,surface
PCR_blank_001,156,4,2.56,1,0,0.0,0,0.0,22,mifish,NS,blank
PCR_blank_002,2653,2595,97.81,2595,2595,97.81,2595,97.81,22,mifish,NS,blank
Sample-001,1650897,1408436,85.31,1398649,1371198,83.06,1297457,78.59,23,COI,NS,surface
Sample-002,1734434,1578845,91.03,1570620,1545323,89.1,1469150,84.7,23,COI,NS,surface
Sample-003,1704403,1316097,77.22,1305458,1277957,74.98,1216943,71.4,23,COI,NS,surface
Sample-004,2124232,1939509,91.3,1931561,1904678,89.66,1796878,84.59,23,COI,NS,surface
Sample-005,1872102,1706266,91.14,1696884,1662788,88.82,1537764,82.14,23,COI,NS,surface
Sample-006,1703789,1500571,88.07,1492273,1467816,86.15,1385471,81.32,23,COI,NS,surface
Sample-007,1236674,1115553,90.21,1108536,1090390,88.17,1041241,84.2,23,COI,NS,surface
Sample-008,1487730,1338142,89.95,1330853,1309553,88.02,1245753,83.74,23,COI,NS,surface
Sample-009,1822511,1672126,91.75,1664210,1635792,89.75,1531636,84.04,23,COI,NS,surface
Sample-010,1872630,1694678,90.5,1686130,1655343,88.4,1553962,82.98,23,COI,NS,surface
Sample-011,2158696,1957666,90.69,1948360,1911053,88.53,1757301,81.41,23,COI,NS,surface
Sample-012,1904109,1737775,91.26,1729336,1697526,89.15,1575987,82.77,23,COI,NS,surface
Sample-013,2011631,1846335,91.78,1838760,1814835,90.22,1728337,85.92,23,COI,NS,surface
Sample-014,2001208,1828379,91.36,1821942,1801303,90.01,1720691,85.98,23,COI,NS,surface
Sample-015,1765751,1605047,90.9,1597607,1575444,89.22,1497831,84.83,23,COI,NS,surface
Sample-016,1776747,1602880,90.21,1594831,1568966,88.31,1496650,84.24,23,COI,NS,surface
Sample-017,1900769,1713768,90.16,1704831,1674543,88.1,1568051,82.5,23,COI,NS,surface
Sample-018,2115708,1920150,90.76,1913104,1888760,89.27,1793490,84.77,23,COI,NS,surface
Sample-019,2289925,2072262,90.49,2064754,2037310,88.97,1929182,84.25,23,COI,NS,surface
Sample-020,2011385,1847549,91.85,1840655,1818214,90.4,1719008,85.46,23,COI,NS,surface
Sample-021,1669489,1521582,91.14,1515836,1496580,89.64,1410301,84.48,23,COI,NS,surface
Sample-022,2273660,2081022,91.53,2074292,2050570,90.19,1948439,85.7,23,COI,NS,surface
Sample-023,1449729,1302277,89.83,1296746,1280179,88.3,1226720,84.62,23,COI,NS,surface
Sample-024,1804345,1618359,89.69,1612234,1586715,87.94,1532200,84.92,23,COI,NS,surface
Sample-025,1440588,1158658,80.43,1151580,1129395,78.4,1069147,74.22,23,COI,NS,surface
Sample-026,1857185,1689399,90.97,1682319,1653547,89.04,1544274,83.15,23,COI,NS,surface
Sample-027,2463236,2144592,87.06,2135881,2103937,85.41,1980621,80.41,23,COI,NS,surface
Sample-028,1705614,1549085,90.82,1541191,1518256,89.02,1435133,84.14,23,COI,NS,surface
Sample-029,1895709,1735250,91.54,1727707,1703403,89.86,1608772,84.86,23,COI,NS,surface
Sample-030,2014781,1813581,90.01,1804876,1771359,87.92,1639937,81.4,23,COI,NS,surface
Sample-031,1639494,1012502,61.76,999332,965894,58.91,882587,53.83,23,COI,NS,surface
Sample-032,1423376,1213223,85.24,1202842,1170620,82.24,1068813,75.09,23,COI,NS,surface
Sample-033,1601039,1293973,80.82,1283596,1251106,78.14,1153676,72.06,23,COI,NS,surface
Sample-034,1796017,1630685,90.79,1624291,1602801,89.24,1506594,83.89,23,COI,NS,surface
Sample-035,2167370,1914511,88.33,1905529,1867055,86.14,1710222,78.91,23,COI,NS,surface
Sample-036,2503997,2202543,87.96,2194015,2160678,86.29,2010177,80.28,23,COI,NS,surface
Sample-037,1879019,1684615,89.65,1678336,1657056,88.19,1565165,83.3,23,COI,NS,surface
Sample-038,1143371,1015252,88.79,1010042,994500,86.98,943477,82.52,23,COI,NS,surface
Sample-039,1901529,1733557,91.17,1725396,1696114,89.2,1584982,83.35,23,COI,NS,surface
Sample-040,1399212,666862,47.66,655693,633137,45.25,596901,42.66,23,COI,NS,surface
Sample-041,1710099,1543931,90.28,1536302,1510852,88.35,1425891,83.38,23,COI,NS,surface
Sample-042,2084039,1732457,83.13,1725362,1701437,81.64,1615857,77.53,23,COI,NS,surface
Sample-043,2332123,2067453,88.65,2054194,2000838,85.79,1793934,76.92,23,COI,NS,surface
Sample-044,2271869,2050926,90.27,2040234,1997380,87.92,1818850,80.06,23,COI,NS,surface
Sample-045,2156684,1952691,90.54,1941339,1894411,87.84,1704948,79.05,23,COI,NS,surface
Sample-046,2804695,2545573,90.76,2534388,2487906,88.71,2347909,83.71,23,COI,NS,surface
Sample-047,1456234,626895,43.05,617858,603329,41.43,576178,39.57,23,COI,NS,surface
Sample-048,2126046,1852100,87.11,1843048,1810617,85.16,1722497,81.02,23,COI,NS,surface
Sample-049,1980449,1705948,86.14,1698317,1673775,84.51,1593419,80.46,23,COI,NS,surface
Sample-050,2187216,1981313,90.59,1973866,1948696,89.09,1868565,85.43,23,COI,NS,surface
Sample-051,2587547,2302040,88.97,2294778,2263621,87.48,2164930,83.67,23,COI,NS,surface
Sample-052,2150319,1931798,89.84,1924704,1897428,88.24,1772352,82.42,23,COI,NS,surface
Sample-053,1862989,1698954,91.2,1691505,1668072,89.54,1561012,83.79,23,COI,NS,surface
Sample-054,1998843,1740004,87.05,1733169,1710467,85.57,1605728,80.33,23,COI,NS,surface
Sample-055,1813707,1620112,89.33,1613753,1591967,87.77,1489971,82.15,23,COI,NS,surface
Sample-056,1715294,1525013,88.91,1517393,1494368,87.12,1392191,81.16,23,COI,NS,surface
Sample-057,1845475,1679617,91.01,1673145,1648198,89.31,1539787,83.44,23,COI,NS,surface
Sample-058,2063191,1711281,82.94,1702913,1674579,81.16,1567440,75.97,23,COI,NS,surface
Sample-059,2217100,2024316,91.3,2017092,1986296,89.59,1826987,82.4,23,COI,NS,surface
Sample-060,1983868,1801404,90.8,1791950,1763855,88.91,1625505,81.94,23,COI,NS,surface
Sample-061,1919964,1740332,90.64,1727840,1689949,88.02,1526808,79.52,23,COI,NS,surface
Sample-062,1728361,1556335,90.05,1546173,1514148,87.61,1374013,79.5,23,COI,NS,surface
Sample-063,1543724,1394376,90.33,1387175,1366985,88.55,1265498,81.98,23,COI,NS,surface
Sample-064,1749303,1593472,91.09,1583802,1554185,88.85,1437396,82.17,23,COI,NS,surface
Sample-065,1657793,1506101,90.85,1498373,1474261,88.93,1378088,83.13,23,COI,NS,surface
Sample-066,1883750,1715439,91.07,1702916,1666257,88.45,1524635,80.94,23,COI,NS,surface
Sample-067,2013968,1798913,89.32,1789089,1750721,86.93,1597366,79.31,23,COI,NS,surface
Sample-068,1963154,1765803,89.95,1756331,1720030,87.62,1561418,79.54,23,COI,NS,surface
Sample-069,1708362,1565196,91.62,1555789,1525537,89.3,1384927,81.07,23,COI,NS,surface
Sample-070,1848116,1704771,92.24,1692747,1651284,89.35,1485869,80.4,23,COI,NS,surface
Sample-071,1707141,1558198,91.28,1546525,1510685,88.49,1368493,80.16,23,COI,NS,surface
Sample-072,1041988,846053,81.2,834383,811411,77.87,744976,71.5,23,COI,NS,surface
Sample-073,1802347,1655547,91.86,1646547,1615705,89.64,1487122,82.51,23,COI,NS,surface
Sample-074,1804369,1638254,90.79,1627659,1589818,88.11,1436596,79.62,23,COI,NS,surface
Sample-075,2034565,1789778,87.97,1778528,1736554,85.35,1566527,77.0,23,COI,NS,surface
Sample-076,2139182,1960582,91.65,1948916,1902286,88.93,1707954,79.84,23,COI,NS,surface
Sample-077,1819120,1620048,89.06,1611502,1581793,86.95,1463693,80.46,23,COI,NS,surface
Sample-078,2029721,1736636,85.56,1724883,1680555,82.8,1524587,75.11,23,COI,NS,surface
Sample-079,36620,25832,70.54,25831,25769,70.37,25769,70.37,23,COI,NS,blank
Sample-080,2586969,2225682,86.03,2216143,2186058,84.5,2099761,81.17,23,COI,NS,blank
Sample-081,2441541,2177849,89.2,2169317,2140396,87.67,2057511,84.27,23,COI,NS,blank
Sample-082,2620405,1836469,70.08,1827027,1790824,68.34,1712156,65.34,23,COI,NS,blank
Sample-083,2746594,2282153,83.09,2273270,2235998,81.41,2114515,76.99,23,COI,NS,blank
Sample-084,2107169,1675120,79.5,1667829,1643818,78.01,1577629,74.87,23,COI,NS,blank
Sample-085,2615259,2095122,80.11,2087551,2052716,78.49,1950656,74.59,23,COI,NS,blank
Sample-086,1762331,1158873,65.76,1146564,1108594,62.9,1036069,58.79,23,COI,NS,blank
Sample-087,38304,33621,87.77,33572,33370,87.12,33311,86.96,23,COI,NS,blank
Sample-088,827,285,34.46,283,268,32.41,268,32.41,23,COI,NS,blank
Sample-089,21436,18528,86.43,18527,18496,86.28,18386,85.77,23,COI,NS,blank
Sample-090,24762,22172,89.54,22147,21684,87.57,21683,87.57,23,COI,NS,blank
Sample-091,2900,56,1.93,48,0,0.0,0,0.0,23,COI,NS,blank
Sample-092,450,142,31.56,36,33,7.33,33,7.33,23,COI,NS,blank
Sample-001,158261,152478,96.35,149927,130475,82.44,129060,81.55,23,mifish,MS,surface
Sample-002,142164,139529,98.15,138167,114362,80.44,113479,79.82,23,mifish,MS,surface
Sample-003,113821,111357,97.84,110279,102568,90.11,101440,89.12,23,mifish,MS,surface
Sample-004,112582,110448,98.1,109097,97826,86.89,95795,85.09,23,mifish,MS,surface
Sample-005,145058,141241,97.37,140189,131550,90.69,130833,90.19,23,mifish,MS,surface
Sample-006,238905,235778,98.69,234957,224619,94.02,223850,93.7,23,mifish,MS,surface
Sample-007,118628,115351,97.24,113295,90867,76.6,89720,75.63,23,mifish,MS,surface
Sample-008,174334,171899,98.6,169717,148220,85.02,147246,84.46,23,mifish,MS,surface
Sample-009,105848,104159,98.4,102971,77200,72.93,75481,71.31,23,mifish,MS,surface
Sample-010,135731,134032,98.75,133231,117078,86.26,115983,85.45,23,mifish,MS,surface
Sample-011,138958,136711,98.38,135394,122775,88.35,121591,87.5,23,mifish,MS,surface
Sample-012,116994,114912,98.22,113690,93089,79.57,92213,78.82,23,mifish,MS,surface
Sample-013,90470,86154,95.23,85022,52262,57.77,51221,56.62,23,mifish,MS,surface
Sample-014,49521,48611,98.16,48165,43127,87.09,41709,84.22,23,mifish,MS,surface
Sample-015,116794,114133,97.72,113093,81760,70.0,81613,69.88,23,mifish,MS,surface
Sample-016,146862,144722,98.54,143731,130951,89.17,130684,88.98,23,mifish,MS,surface
Sample-017,164146,161290,98.26,158961,134081,81.68,132645,80.81,23,mifish,MS,surface
Sample-018,55311,53349,96.45,52675,40616,73.43,40010,72.34,23,mifish,MS,surface
Sample-019,212262,207848,97.92,207395,200858,94.63,200564,94.49,23,mifish,MS,surface
Sample-020,66549,64756,97.31,63745,48769,73.28,48259,72.52,23,mifish,MS,surface
Sample-021,74235,72575,97.76,71001,52598,70.85,52434,70.63,23,mifish,MS,surface
Sample-022,65958,64058,97.12,62921,55700,84.45,55367,83.94,23,mifish,MS,surface
Sample-023,93181,91347,98.03,90076,58023,62.27,56247,60.36,23,mifish,MS,surface
Sample-024,73674,71828,97.49,71074,62564,84.92,61805,83.89,23,mifish,MS,surface
Sample-025,60637,59162,97.57,58490,44996,74.21,44880,74.01,23,mifish,MS,surface
Sample-026,102889,101468,98.62,100655,87732,85.27,87169,84.72,23,mifish,MS,surface
Sample-027,66410,65271,98.28,64392,51922,78.18,51449,77.47,23,mifish,MS,surface
Sample-028,90447,88248,97.57,86380,59456,65.74,58649,64.84,23,mifish,MS,surface
Sample-029,88323,86170,97.56,85698,70726,80.08,70275,79.57,23,mifish,MS,surface
Sample-030,132195,129131,97.68,127591,106408,80.49,103324,78.16,23,mifish,MS,surface
Sample-031,171943,169579,98.63,167861,146322,85.1,145255,84.48,23,mifish,MS,surface
Sample-032,185419,181464,97.87,179371,141527,76.33,135247,72.94,23,mifish,MS,surface
Sample-033,140962,139367,98.87,138467,123769,87.8,122419,86.85,23,mifish,MS,surface
Sample-034,104345,97189,93.14,95499,70515,67.58,69502,66.61,23,mifish,MS,surface
Sample-035,89645,85992,95.93,84356,60884,67.92,59094,65.92,23,mifish,MS,surface
Sample-036,53584,51918,96.89,51130,27486,51.3,27461,51.25,23,mifish,MS,surface
Sample-037,44516,43840,98.48,43329,38076,85.53,37911,85.16,23,mifish,MS,surface
Sample-038,102331,100358,98.07,98588,71598,69.97,70469,68.86,23,mifish,MS,surface
Sample-039,105595,101361,95.99,100093,57909,54.84,56569,53.57,23,mifish,MS,surface
Sample-040,127084,125356,98.64,124615,110340,86.82,108757,85.58,23,mifish,MS,surface
Sample-041,133193,130717,98.14,130026,111708,83.87,108796,81.68,23,mifish,MS,surface
Sample-042,52827,51899,98.24,51281,42590,80.62,41343,78.26,23,mifish,MS,surface
Sample-043,198245,195675,98.7,192522,172379,86.95,170130,85.82,23,mifish,MS,surface
Sample-044,131223,128811,98.16,126386,107280,81.75,105443,80.35,23,mifish,MS,surface
Sample-045,129911,126634,97.48,122606,91688,70.58,89648,69.01,23,mifish,MS,surface
Sample-046,172393,170232,98.75,167046,160403,93.04,156542,90.81,23,mifish,MS,surface
Sample-047,190173,188003,98.86,184680,168049,88.37,164076,86.28,23,mifish,MS,surface
Sample-048,167505,164942,98.47,161335,143063,85.41,137488,82.08,23,mifish,MS,surface
Sample-049,51556,49259,95.54,45766,32186,62.43,32170,62.4,23,mifish,MS,surface
Sample-050,171693,169626,98.8,166006,144901,84.4,141615,82.48,23,mifish,MS,surface
Sample-051,174115,171987,98.78,169288,145793,83.73,142252,81.7,23,mifish,MS,surface
Sample-052,157045,154444,98.34,150621,102477,65.25,100728,64.14,23,mifish,MS,surface
Sample-053,129706,127066,97.96,122899,90508,69.78,89057,68.66,23,mifish,MS,surface
Sample-054,166982,163221,97.75,157875,116440,69.73,114451,68.54,23,mifish,MS,surface
Sample-055,117460,115087,97.98,111974,87525,74.51,86171,73.36,23,mifish,MS,surface
Sample-056,126789,123895,97.72,119182,61269,48.32,59750,47.13,23,mifish,MS,surface
Sample-057,123861,120246,97.08,117273,90616,73.16,88685,71.6,23,mifish,MS,surface
Sample-058,77644,74515,95.97,72404,52850,68.07,52587,67.73,23,mifish,MS,surface
Sample-059,179280,176920,98.68,175819,150546,83.97,148533,82.85,23,mifish,MS,surface
Sample-060,128176,124816,97.38,120030,86557,67.53,84435,65.87,23,mifish,MS,surface
Sample-061,183289,179990,98.2,174471,123269,67.25,121172,66.11,23,mifish,MS,surface
Sample-062,163575,160356,98.03,157609,100824,61.64,98436,60.18,23,mifish,MS,surface
Sample-063,123095,120411,97.82,118166,100064,81.29,98089,79.69,23,mifish,MS,surface
Sample-064,155418,152293,97.99,147870,84811,54.57,83285,53.59,23,mifish,MS,surface
Sample-065,138883,135630,97.66,132574,101960,73.41,100092,72.07,23,mifish,MS,surface
Sample-066,148310,146536,98.8,143945,135903,91.63,134379,90.61,23,mifish,MS,surface
Sample-067,128800,126512,98.22,125098,115324,89.54,114001,88.51,23,mifish,MS,surface
Sample-068,156916,153429,97.78,148212,101632,64.77,100952,64.34,23,mifish,MS,surface
Sample-069,144767,141989,98.08,140062,116190,80.26,114814,79.31,23,mifish,MS,surface
Sample-070,176543,174279,98.72,171790,143359,81.2,140487,79.58,23,mifish,MS,surface
Sample-071,188861,186676,98.84,183808,143974,76.23,141389,74.86,23,mifish,MS,surface
Sample-072,145729,142195,97.57,139684,124385,85.35,118623,81.4,23,mifish,MS,surface
Sample-073,165849,163344,98.49,160102,128807,77.67,126688,76.39,23,mifish,MS,surface
Sample-074,141576,139557,98.57,137197,125057,88.33,122765,86.71,23,mifish,MS,surface
Sample-075,101475,92705,91.36,90303,77158,76.04,76539,75.43,23,mifish,MS,surface
Sample-076,197596,193935,98.15,190130,151071,76.45,147571,74.68,23,mifish,MS,surface
Sample-077,71397,70167,98.28,68945,54189,75.9,51775,72.52,23,mifish,MS,surface
Sample-078,163951,160672,98.0,158375,138810,84.67,136525,83.27,23,mifish,MS,surface
Sample-079,1507,1185,78.63,793,480,31.85,480,31.85,23,mifish,MS,blank
Sample-080,72857,70992,97.44,69690,57558,79.0,56739,77.88,23,mifish,MS,blank
Sample-081,123989,121431,97.94,118783,67818,54.7,67087,54.11,23,mifish,MS,blank
Sample-082,132815,130605,98.34,128013,101881,76.71,99644,75.02,23,mifish,MS,blank
Sample-083,98925,95309,96.34,92958,78836,79.69,77480,78.32,23,mifish,MS,blank
Sample-084,230089,228703,99.4,226015,218764,95.08,209614,91.1,23,mifish,MS,blank
Sample-085,85931,83984,97.73,82915,68876,80.15,65884,76.67,23,mifish,MS,blank
Sample-086,92328,90693,98.23,89730,80214,86.88,78939,85.5,23,mifish,MS,blank
Sample-001,1467418,1333868,90.9,1333104,1180937,80.48,1156205,78.79,23,mifish,NS,surface
Sample-002,1406545,1311107,93.21,1308452,1183161,84.12,1158405,82.36,23,mifish,NS,surface
Sample-003,908591,795110,87.51,793745,703872,77.47,698376,76.86,23,mifish,NS,surface
Sample-004,2016857,1887803,93.6,1884576,1694081,84.0,1666315,82.62,23,mifish,NS,surface
Sample-005,1201336,1117247,93.0,1114277,1019114,84.83,1006890,83.81,23,mifish,NS,surface
Sample-006,2378010,2200805,92.55,2198343,1975567,83.08,1941068,81.63,23,mifish,NS,surface
Sample-007,1577030,1452307,92.09,1450042,1310936,83.13,1283502,81.39,23,mifish,NS,surface
Sample-008,1334576,1217320,91.21,1213991,1095048,82.05,1057689,79.25,23,mifish,NS,surface
Sample-009,1268985,1178300,92.85,1176968,1075339,84.74,1065055,83.93,23,mifish,NS,surface
Sample-010,1937576,1811658,93.5,1803473,1633704,84.32,1536296,79.29,23,mifish,NS,surface
Sample-011,433796,398767,91.93,397678,381202,87.88,375614,86.59,23,mifish,NS,surface
Sample-012,441400,406370,92.06,405373,395420,89.58,391593,88.72,23,mifish,NS,surface
Sample-013,316394,286953,90.69,286551,281899,89.1,278004,87.87,23,mifish,NS,surface
Sample-014,297720,265184,89.07,264749,259612,87.2,256834,86.27,23,mifish,NS,surface
Sample-015,927730,865102,93.25,861745,785444,84.66,767851,82.77,23,mifish,NS,surface
Sample-016,1437561,1336559,92.97,1335351,1205192,83.84,1185623,82.47,23,mifish,NS,surface
Sample-017,1645251,1503123,91.36,1496453,1363935,82.9,1350861,82.11,23,mifish,NS,surface
Sample-018,241537,216841,89.78,216459,213544,88.41,211782,87.68,23,mifish,NS,surface
Sample-019,2131949,1979340,92.84,1978033,1776846,83.34,1747147,81.95,23,mifish,NS,surface
Sample-020,307179,275311,89.63,274740,270724,88.13,267938,87.23,23,mifish,NS,surface
Sample-021,1203375,1122247,93.26,1121067,1017199,84.53,1008829,83.83,23,mifish,NS,surface
Sample-022,1566972,1458882,93.1,1458325,1312152,83.74,1303313,83.17,23,mifish,NS,surface
Sample-023,607811,561656,92.41,559733,509143,83.77,505229,83.12,23,mifish,NS,surface
Sample-024,653438,594472,90.98,593289,560625,85.8,545461,83.48,23,mifish,NS,surface
Sample-025,1188083,1060784,89.29,1059939,941123,79.21,927205,78.04,23,mifish,NS,surface
Sample-026,1253207,1160261,92.58,1156339,1055689,84.24,1041173,83.08,23,mifish,NS,surface
Sample-027,570543,522207,91.53,520473,483126,84.68,478963,83.95,23,mifish,NS,surface
Sample-028,726592,675898,93.02,675102,627896,86.42,623423,85.8,23,mifish,NS,surface
Sample-029,1278076,1192543,93.31,1189191,1087328,85.08,1067002,83.49,23,mifish,NS,surface
Sample-030,1268728,1178920,92.92,1175907,1070375,84.37,1061001,83.63,23,mifish,NS,surface
Sample-031,486401,356620,73.32,355268,320555,65.9,318951,65.57,23,mifish,NS,surface
Sample-032,1490140,1356431,91.03,1355174,1217935,81.73,1204432,80.83,23,mifish,NS,surface
Sample-033,544003,472487,86.85,471259,428567,78.78,425278,78.18,23,mifish,NS,surface
Sample-034,275436,240410,87.28,239731,236755,85.96,233020,84.6,23,mifish,NS,surface
Sample-035,306356,276355,90.21,275344,269430,87.95,266851,87.1,23,mifish,NS,surface
Sample-036,1769327,1606157,90.78,1597648,1456131,82.3,1435826,81.15,23,mifish,NS,surface
Sample-037,307719,277137,90.06,276737,272624,88.6,262487,85.3,23,mifish,NS,surface
Sample-038,190584,170840,89.64,169738,160729,84.33,160211,84.06,23,mifish,NS,surface
Sample-039,1185502,1097387,92.57,1095770,1005452,84.81,999191,84.28,23,mifish,NS,surface
Sample-040,504892,242083,47.95,241172,214916,42.57,214419,42.47,23,mifish,NS,surface
Sample-041,1028536,920040,89.45,918873,839407,81.61,832130,80.9,23,mifish,NS,surface
Sample-042,327567,244199,74.55,243545,239054,72.98,237210,72.42,23,mifish,NS,surface
Sample-043,1865810,1722558,92.32,1719255,1557755,83.49,1538129,82.44,23,mifish,NS,surface
Sample-044,1349866,1245186,92.25,1241963,1145783,84.88,1134910,84.08,23,mifish,NS,surface
Sample-045,1261427,1162367,92.15,1160133,1065330,84.45,1054493,83.6,23,mifish,NS,surface
Sample-046,2827490,2613182,92.42,2611198,2359817,83.46,2281911,80.7,23,mifish,NS,surface
Sample-047,463431,134195,28.96,133084,127095,27.42,126242,27.24,23,mifish,NS,surface
Sample-048,1992421,1796246,90.15,1792337,1594181,80.01,1496713,75.12,23,mifish,NS,surface
Sample-049,1411941,1285688,91.06,1284541,1167679,82.7,1150883,81.51,23,mifish,NS,surface
Sample-050,1187896,1091165,91.86,1088701,997412,83.96,986011,83.0,23,mifish,NS,surface
Sample-051,1174523,1081965,92.12,1079238,988991,84.2,936914,79.77,23,mifish,NS,surface
Sample-052,489181,438528,89.65,437208,429430,87.79,421154,86.09,23,mifish,NS,surface
Sample-053,332183,191234,57.57,190288,181115,54.52,175936,52.96,23,mifish,NS,surface
Sample-054,1755763,1580236,90.0,1574529,1425519,81.19,1358455,77.37,23,mifish,NS,surface
Sample-055,1007573,923032,91.61,921731,846682,84.03,819026,81.29,23,mifish,NS,surface
Sample-056,267338,240482,89.95,239692,235543,88.11,232924,87.13,23,mifish,NS,surface
Sample-057,1559175,1432065,91.85,1431273,1310780,84.07,1294529,83.03,23,mifish,NS,surface
Sample-058,1393379,1224515,87.88,1222564,1109394,79.62,1101364,79.04,23,mifish,NS,surface
Sample-059,999261,931185,93.19,930284,858272,85.89,843106,84.37,23,mifish,NS,surface
Sample-060,1192545,1073831,90.05,1071314,991100,83.11,976130,81.85,23,mifish,NS,surface
Sample-061,1828344,1696680,92.8,1694769,1551134,84.84,1533932,83.9,23,mifish,NS,surface
Sample-062,1323692,1207835,91.25,1205192,1112578,84.05,1100530,83.14,23,mifish,NS,surface
Sample-063,1103556,1000101,90.63,997768,915899,83.0,903377,81.86,23,mifish,NS,surface
Sample-064,783143,718551,91.75,716104,667314,85.21,655975,83.76,23,mifish,NS,surface
Sample-065,1523921,1414856,92.84,1411822,1300608,85.35,1277331,83.82,23,mifish,NS,surface
Sample-066,1850160,1694440,91.58,1689676,1550592,83.81,1529612,82.67,23,mifish,NS,surface
Sample-067,1010590,933070,92.33,929884,857786,84.88,847844,83.9,23,mifish,NS,surface
Sample-068,1460366,1342133,91.9,1337771,1230158,84.24,1197106,81.97,23,mifish,NS,surface
Sample-069,1395619,1298973,93.08,1294873,1198360,85.87,1178260,84.43,23,mifish,NS,surface
Sample-070,1949918,1820094,93.34,1814723,1662274,85.25,1614766,82.81,23,mifish,NS,surface
Sample-071,1678084,1533457,91.38,1529012,1397511,83.28,1367440,81.49,23,mifish,NS,surface
Sample-072,1071670,946926,88.36,942837,848407,79.17,831523,77.59,23,mifish,NS,surface
Sample-073,1345697,1244478,92.48,1242493,1139664,84.69,1125684,83.65,23,mifish,NS,surface
Sample-074,1257222,1153473,91.75,1149044,1051515,83.64,1026171,81.62,23,mifish,NS,surface
Sample-075,2321161,2116765,91.19,2111000,1915028,82.5,1874330,80.75,23,mifish,NS,surface
Sample-076,1979488,1839608,92.93,1833394,1674038,84.57,1647593,83.23,23,mifish,NS,surface
Sample-077,1280552,1174039,91.68,1172908,1072837,83.78,1064748,83.15,23,mifish,NS,surface
Sample-078,2256820,2048454,90.77,2045111,1840808,81.57,1811004,80.25,23,mifish,NS,surface
Sample-079,993,672,67.67,672,633,63.75,633,63.75,23,mifish,NS,blank
Sample-080,888806,806025,90.69,804841,738164,83.05,729336,82.06,23,mifish,NS,blank
Sample-081,1678380,1552956,92.53,1549601,1407253,83.85,1386297,82.6,23,mifish,NS,blank
Sample-082,321441,267757,83.3,267370,258834,80.52,253097,78.74,23,mifish,NS,blank
Sample-083,1886004,1735464,92.02,1731161,1546825,82.02,1480560,78.5,23,mifish,NS,blank
Sample-084,650698,588612,90.46,587674,539216,82.87,527831,81.12,23,mifish,NS,blank
Sample-085,1535436,1419465,92.45,1417726,1291210,84.09,1267235,82.53,23,mifish,NS,blank
Sample-086,915266,649059,70.91,646986,565287,61.76,563750,61.59,23,mifish,NS,blank
Sample-087,374,40,10.7,10,2,0.53,2,0.53,23,mifish,NS,blank
Sample-088,676,29,4.29,26,0,0.0,0,0.0,23,mifish,NS,blank
Sample-089,1084,31,2.86,28,0,0.0,0,0.0,23,mifish,NS,blank
Sample-090,335,31,9.25,29,0,0.0,0,0.0,23,mifish,NS,blank
Sample-091,426,24,5.63,20,0,0.0,0,0.0,23,mifish,NS,blank
Sample-092,246,27,10.98,26,0,0.0,0,0.0,23,mifish,NS,blank
Sample-093,201371,181840,90.3,179556,173067,85.94,170202,84.52,24,COI,MS,surface
Sample-094,267424,241096,90.15,238983,229799,85.93,227268,84.98,24,COI,MS,surface
Sample-095,264520,239496,90.54,237091,229247,86.67,226161,85.5,24,COI,MS,surface
Sample-096,263755,239205,90.69,236430,227389,86.21,224055,84.95,24,COI,MS,surface
Sample-097,260339,236829,90.97,234417,225211,86.51,221691,85.15,24,COI,MS,surface
Sample-098,257760,233724,90.68,231182,222068,86.15,218971,84.95,24,COI,MS,surface
Sample-099,263728,239787,90.92,237476,229385,86.98,225963,85.68,24,COI,MS,surface
Sample-100,269489,244307,90.66,242420,235041,87.22,232372,86.23,24,COI,MS,surface
Sample-101,278296,249649,89.71,247719,240175,86.3,237540,85.36,24,COI,MS,surface
Sample-102,253231,228249,90.13,226371,220202,86.96,217844,86.03,24,COI,MS,surface
Sample-103,255380,232173,90.91,230384,223912,87.68,221643,86.79,24,COI,MS,surface
Sample-104,262709,237148,90.27,234895,228366,86.93,224266,85.37,24,COI,MS,surface
Sample-105,308761,280260,90.77,278031,271775,88.02,267704,86.7,24,COI,MS,surface
Sample-106,268720,243321,90.55,241822,235731,87.72,233153,86.76,24,COI,MS,surface
Sample-107,257596,233244,90.55,231315,225629,87.59,222635,86.43,24,COI,MS,surface
Sample-108,257381,233790,90.83,232273,227067,88.22,224663,87.29,24,COI,MS,surface
Sample-109,266837,239936,89.92,238141,231889,86.9,229117,85.86,24,COI,MS,surface
Sample-110,240350,218396,90.87,216931,212021,88.21,209667,87.23,24,COI,MS,surface
Sample-111,252473,230871,91.44,229227,223404,88.49,220369,87.28,24,COI,MS,surface
Sample-112,200939,179971,89.56,178614,173461,86.33,171607,85.4,24,COI,MS,surface
Sample-113,264270,239446,90.61,237870,232062,87.81,229081,86.68,24,COI,MS,surface
Sample-114,257918,232850,90.28,231200,225864,87.57,222923,86.43,24,COI,MS,surface
Sample-115,257944,232897,90.29,231278,225258,87.33,222552,86.28,24,COI,MS,surface
Sample-116,244720,222040,90.73,220217,214324,87.58,211611,86.47,24,COI,MS,surface
Sample-117,273239,247725,90.66,245751,239035,87.48,235875,86.33,24,COI,MS,surface
Sample-118,243097,221285,91.03,219390,214916,88.41,212420,87.38,24,COI,MS,surface
Sample-119,290427,264656,91.13,262620,256556,88.34,252504,86.94,24,COI,MS,surface
Sample-120,271887,247386,90.99,245441,239656,88.15,236079,86.83,24,COI,MS,surface
Sample-121,248486,224671,90.42,222632,217035,87.34,212932,85.69,24,COI,MS,surface
Sample-122,257861,233608,90.59,231881,223404,86.64,219366,85.07,24,COI,MS,surface
Sample-123,257327,234963,91.31,233141,227801,88.53,224642,87.3,24,COI,MS,surface
Sample-124,246926,225533,91.34,223665,218676,88.56,216446,87.66,24,COI,MS,surface
Sample-125,240743,217222,90.23,215272,209797,87.15,207274,86.1,24,COI,MS,surface
Sample-126,284235,257051,90.44,254555,248220,87.33,244620,86.06,24,COI,MS,surface
Sample-127,256189,232556,90.78,230371,223280,87.15,219750,85.78,24,COI,MS,surface
Sample-128,244587,221086,90.39,219022,213727,87.38,210853,86.21,24,COI,MS,surface
Sample-129,269873,244014,90.42,242062,235934,87.42,232424,86.12,24,COI,MS,surface
Sample-130,263355,237523,90.19,235575,229590,87.18,225782,85.73,24,COI,MS,surface
Sample-131,260137,234850,90.28,233183,227941,87.62,224871,86.44,24,COI,MS,surface
Sample-132,262087,238658,91.06,236785,229698,87.64,226688,86.49,24,COI,MS,surface
Sample-133,267645,243872,91.12,242020,235708,88.07,232589,86.9,24,COI,MS,surface
Sample-134,246237,223681,90.84,222017,215792,87.64,213345,86.64,24,COI,MS,surface
Sample-135,249298,224466,90.04,222708,214835,86.18,212278,85.15,24,COI,MS,surface
Sample-136,267605,243150,90.86,241461,233881,87.4,231125,86.37,24,COI,MS,surface
Sample-137,260418,236473,90.81,234107,228036,87.57,224754,86.31,24,COI,MS,surface
Sample-138,282086,255205,90.47,252961,246121,87.25,242910,86.11,24,COI,MS,surface
Sample-139,282711,257057,90.93,254784,245692,86.91,241163,85.3,24,COI,MS,surface
Sample-140,290991,262826,90.32,260569,253328,87.06,249445,85.72,24,COI,MS,surface
Sample-141,252853,226384,89.53,223168,198889,78.66,196498,77.71,24,COI,MS,surface
Sample-142,258617,230148,88.99,227072,200252,77.43,197730,76.46,24,COI,MS,surface
Sample-143,261562,234421,89.62,231014,207402,79.29,205574,78.59,24,COI,MS,surface
Sample-144,244121,219244,89.81,216243,200507,82.13,198101,81.15,24,COI,MS,surface
Sample-145,233580,207827,88.97,205010,188907,80.87,186457,79.83,24,COI,MS,surface
Sample-146,279276,248839,89.1,245909,227601,81.5,224355,80.33,24,COI,MS,surface
Sample-147,269862,242660,89.92,239714,223668,82.88,220087,81.56,24,COI,MS,surface
Sample-148,277327,250645,90.38,247509,233563,84.22,229896,82.9,24,COI,MS,surface
Sample-149,253232,228195,90.11,225512,213200,84.19,209902,82.89,24,COI,MS,surface
Sample-150,276048,249277,90.3,246212,234439,84.93,230349,83.45,24,COI,MS,surface
Sample-151,267534,242015,90.46,238797,224628,83.96,221214,82.69,24,COI,MS,surface
Sample-152,119262,100204,84.02,97845,91294,76.55,89868,75.35,24,COI,MS,surface
Sample-153,275405,249759,90.69,246671,236004,85.69,231813,84.17,24,COI,MS,surface
Sample-154,275224,249364,90.6,246406,233348,84.78,230012,83.57,24,COI,MS,surface
Sample-155,281211,254256,90.41,251245,240730,85.6,237528,84.47,24,COI,MS,surface
Sample-156,249189,224084,89.93,220771,211481,84.87,208766,83.78,24,COI,MS,surface
Sample-157,270642,245322,90.64,242061,230796,85.28,227323,83.99,24,COI,MS,surface
Sample-158,254985,229491,90.0,226201,215882,84.66,213263,83.64,24,COI,MS,surface
Sample-159,268830,243565,90.6,239711,230758,85.84,227780,84.73,24,COI,MS,surface
Sample-160,255275,230149,90.16,226784,215865,84.56,212688,83.32,24,COI,MS,surface
Sample-161,254242,231263,90.96,228683,218351,85.88,215537,84.78,24,COI,MS,surface
Sample-162,266056,238848,89.77,235093,224464,84.37,221646,83.31,24,COI,MS,surface
Sample-163,264861,235802,89.03,231847,219600,82.91,216509,81.74,24,COI,MS,surface
Sample-164,278668,250253,89.8,246005,234197,84.04,231115,82.94,24,COI,MS,surface
Sample-165,253154,227758,89.97,224592,215735,85.22,213128,84.19,24,COI,MS,surface
Sample-166,245841,220533,89.71,217250,209307,85.14,206826,84.13,24,COI,MS,surface
Sample-167,259030,233174,90.02,229782,220213,85.01,217121,83.82,24,COI,MS,surface
Sample-168,1133,417,36.8,337,318,28.07,302,26.65,24,COI,MS,blank
Sample-169,2598,1053,40.53,945,883,33.99,872,33.56,24,COI,MS,blank
Sample-170,1782,639,35.86,529,482,27.05,471,26.43,24,COI,MS,blank
Sample-171,1153,445,38.59,359,304,26.37,295,25.59,24,COI,MS,blank
Sample-172,1713,556,32.46,461,418,24.4,408,23.82,24,COI,MS,blank
Sample-173,2642,1125,42.58,1012,945,35.77,933,35.31,24,COI,MS,blank
Sample-174,1461,547,37.44,446,415,28.41,396,27.1,24,COI,MS,blank
Sample-175,1132,451,39.84,369,337,29.77,317,28.0,24,COI,MS,blank
Sample-176,754,272,36.07,220,187,24.8,187,24.8,24,COI,MS,blank
Sample-177,4125464,548172,13.29,531888,479159,11.61,463258,11.23,24,COI,MS,blank
Sample-093,151888,128958,84.9,128192,126787,83.47,124860,82.21,24,mifish,MS,surface
Sample-094,229308,199679,87.08,199032,195711,85.35,191432,83.48,24,mifish,MS,surface
Sample-095,205089,179136,87.35,178346,176100,85.87,172015,83.87,24,mifish,MS,surface
Sample-096,179776,156758,87.2,156062,153715,85.5,151219,84.12,24,mifish,MS,surface
Sample-097,172260,155188,90.09,154644,151093,87.71,149129,86.57,24,mifish,MS,surface
Sample-098,191501,170046,88.8,169614,167218,87.32,164856,86.09,24,mifish,MS,surface
Sample-099,168847,150195,88.95,149513,145080,85.92,144516,85.59,24,mifish,MS,surface
Sample-100,182095,155877,85.6,155331,152827,83.93,149312,82.0,24,mifish,MS,surface
Sample-101,198058,172749,87.22,171997,169455,85.56,166853,84.24,24,mifish,MS,surface
Sample-102,178100,153666,86.28,153049,150260,84.37,147506,82.82,24,mifish,MS,surface
Sample-103,118749,102998,86.74,102520,101224,85.24,88607,74.62,24,mifish,MS,surface
Sample-104,87024,73473,84.43,73073,70140,80.6,69155,79.47,24,mifish,MS,surface
Sample-105,115083,102952,89.46,102392,100843,87.63,99248,86.24,24,mifish,MS,surface
Sample-106,63749,55180,86.56,54909,53260,83.55,52773,82.78,24,mifish,MS,surface
Sample-107,140497,121629,86.57,120917,118143,84.09,116561,82.96,24,mifish,MS,surface
Sample-108,104786,91153,86.99,90845,89230,85.15,89226,85.15,24,mifish,MS,surface
Sample-109,186801,171428,91.77,170431,159318,85.29,159315,85.29,24,mifish,MS,surface
Sample-110,106849,92395,86.47,91907,89912,84.15,89632,83.89,24,mifish,MS,surface
Sample-111,66267,58068,87.63,57831,56517,85.29,56159,84.75,24,mifish,MS,surface
Sample-112,142296,124264,87.33,123632,120947,85.0,117901,82.86,24,mifish,MS,surface
Sample-113,88317,73681,83.43,73344,71977,81.5,71126,80.53,24,mifish,MS,surface
Sample-114,180876,155402,85.92,154525,152429,84.27,145950,80.69,24,mifish,MS,surface
Sample-115,186857,162694,87.07,162028,158794,84.98,156791,83.91,24,mifish,MS,surface
Sample-116,163490,144074,88.12,143104,137373,84.03,135001,82.57,24,mifish,MS,surface
Sample-117,84327,72652,86.16,72213,70933,84.12,70491,83.59,24,mifish,MS,surface
Sample-118,75042,64939,86.54,64680,63328,84.39,62805,83.69,24,mifish,MS,surface
Sample-119,187350,169558,90.5,169125,165114,88.13,159279,85.02,24,mifish,MS,surface
Sample-120,119473,107041,89.59,106644,104677,87.62,103131,86.32,24,mifish,MS,surface
Sample-121,100910,87092,86.31,86652,83441,82.69,82656,81.91,24,mifish,MS,surface
Sample-122,158065,143363,90.7,142636,138859,87.85,135370,85.64,24,mifish,MS,surface
Sample-123,96052,83267,86.69,82806,80419,83.72,79323,82.58,24,mifish,MS,surface
Sample-124,83509,74220,88.88,73745,72307,86.59,72096,86.33,24,mifish,MS,surface
Sample-125,80076,66322,82.82,65686,63594,79.42,63563,79.38,24,mifish,MS,surface
Sample-126,193626,165347,85.4,164394,157764,81.48,154423,79.75,24,mifish,MS,surface
Sample-127,171609,150793,87.87,150319,147585,86.0,136022,79.26,24,mifish,MS,surface
Sample-128,128003,109727,85.72,109432,107813,84.23,106646,83.32,24,mifish,MS,surface
Sample-129,213622,183409,85.86,182914,180016,84.27,176825,82.77,24,mifish,MS,surface
Sample-130,138744,116203,83.75,115821,111969,80.7,111582,80.42,24,mifish,MS,surface
Sample-131,188518,162519,86.21,161826,159494,84.6,157003,83.28,24,mifish,MS,surface
Sample-132,89224,79121,88.68,78792,76546,85.79,75005,84.06,24,mifish,MS,surface
Sample-133,109610,99558,90.83,99142,97205,88.68,96142,87.71,24,mifish,MS,surface
Sample-134,57999,50616,87.27,50388,49333,85.06,48697,83.96,24,mifish,MS,surface
Sample-135,128185,110958,86.56,110619,108214,84.42,96709,75.44,24,mifish,MS,surface
Sample-136,105537,92170,87.33,91687,90135,85.41,89535,84.84,24,mifish,MS,surface
Sample-137,158537,135981,85.77,135615,127600,80.49,126205,79.61,24,mifish,MS,surface
Sample-138,175172,153875,87.84,153476,151017,86.21,147446,84.17,24,mifish,MS,surface
Sample-139,209171,188293,90.02,187835,180923,86.5,176540,84.4,24,mifish,MS,surface
Sample-140,191783,165990,86.55,165265,159860,83.35,156495,81.6,24,mifish,MS,surface
Sample-141,204866,182988,89.32,182428,178570,87.16,174439,85.15,24,mifish,MS,surface
Sample-142,197046,181344,92.03,180629,175571,89.1,172346,87.46,24,mifish,MS,surface
Sample-143,246932,233243,94.46,232031,230573,93.38,225719,91.41,24,mifish,MS,surface
Sample-144,174587,155715,89.19,155065,153222,87.76,151698,86.89,24,mifish,MS,surface
Sample-145,215958,191707,88.77,190785,186376,86.3,184590,85.47,24,mifish,MS,surface
Sample-146,172838,148082,85.68,147446,144199,83.43,142595,82.5,24,mifish,MS,surface
Sample-147,176349,154375,87.54,153543,151211,85.75,148485,84.2,24,mifish,MS,surface
Sample-148,185558,166446,89.7,165945,163862,88.31,160872,86.7,24,mifish,MS,surface
Sample-149,180191,164186,91.12,163696,160224,88.92,157320,87.31,24,mifish,MS,surface
Sample-150,198131,176692,89.18,176128,173146,87.39,169665,85.63,24,mifish,MS,surface
Sample-151,180470,162047,89.79,161515,158501,87.83,156204,86.55,24,mifish,MS,surface
Sample-152,69470,51659,74.36,50996,49227,70.86,49196,70.82,24,mifish,MS,surface
Sample-153,208054,185732,89.27,184885,181683,87.32,179111,86.09,24,mifish,MS,surface
Sample-154,219083,196275,89.59,195596,190348,86.88,186678,85.21,24,mifish,MS,surface
Sample-155,199204,175816,88.26,175062,172745,86.72,170041,85.36,24,mifish,MS,surface
Sample-156,143178,126820,88.58,126112,123651,86.36,122198,85.35,24,mifish,MS,surface
Sample-157,189364,172607,91.15,171912,169308,89.41,166305,87.82,24,mifish,MS,surface
Sample-158,125085,108489,86.73,107952,106342,85.02,104659,83.67,24,mifish,MS,surface
Sample-159,196161,172880,88.13,172243,167689,85.49,164231,83.72,24,mifish,MS,surface
Sample-160,188382,169745,90.11,169216,166245,88.25,163387,86.73,24,mifish,MS,surface
Sample-161,184740,166544,90.15,166066,162960,88.21,158312,85.69,24,mifish,MS,surface
Sample-162,173670,152264,87.67,151711,148924,85.75,146541,84.38,24,mifish,MS,surface
Sample-163,212423,189783,89.34,189282,186145,87.63,182985,86.14,24,mifish,MS,surface
Sample-164,197214,168910,85.65,167594,165052,83.69,162384,82.34,24,mifish,MS,surface
Sample-165,220581,192542,87.29,191780,188929,85.65,185223,83.97,24,mifish,MS,surface
Sample-166,226804,201729,88.94,200785,195903,86.38,191573,84.47,24,mifish,MS,surface
Sample-167,183648,163610,89.09,163133,160169,87.22,156608,85.28,24,mifish,MS,surface
Sample-168,10459,8894,85.04,8819,8700,83.18,8700,83.18,24,mifish,MS,blank
Sample-169,3437,1079,31.39,964,852,24.79,852,24.79,24,mifish,MS,blank
Sample-170,3849,2272,59.03,2135,2047,53.18,2047,53.18,24,mifish,MS,blank
Sample-171,953,303,31.79,242,210,22.04,210,22.04,24,mifish,MS,blank
Sample-172,3640,1642,45.11,1555,1455,39.97,1455,39.97,24,mifish,MS,blank
Sample-173,13432,9722,72.38,9559,9278,69.07,9278,69.07,24,mifish,MS,blank
Sample-174,1582,365,23.07,260,198,12.52,198,12.52,24,mifish,MS,blank
Sample-175,1726,823,47.68,756,664,38.47,664,38.47,24,mifish,MS,blank
Sample-176,1278,371,29.03,310,266,20.81,266,20.81,24,mifish,MS,blank
Sample-177,3478151,476524,13.7,432233,340292,9.78,338615,9.74,24,mifish,MS,blank
925001,63827,27205,42.62,26279,23714,37.15,23570,36.93,25,COI,MS,surface
925002,177493,86372,48.66,85152,78890,44.45,78587,44.28,25,COI,MS,surface
925003,174976,85277,48.74,84104,78469,44.85,78122,44.65,25,COI,MS,surface
925004,194656,94737,48.67,92947,85593,43.97,85125,43.73,25,COI,MS,surface
925005,183912,89716,48.78,87770,81443,44.28,81017,44.05,25,COI,MS,surface
925006,169541,81498,48.07,79569,73541,43.38,73163,43.15,25,COI,MS,surface
925007,183135,89455,48.85,87576,82347,44.97,82092,44.83,25,COI,MS,surface
925008,187481,91757,48.94,89854,84068,44.84,83774,44.68,25,COI,MS,surface
925009,180872,88158,48.74,86091,79904,44.18,79548,43.98,25,COI,MS,surface
925010,136568,66596,48.76,65068,60394,44.22,60213,44.09,25,COI,MS,surface
925011,167304,81209,48.54,79767,73770,44.09,73354,43.84,25,COI,MS,surface
925012,162596,79181,48.7,77599,71606,44.04,71416,43.92,25,COI,MS,surface
925013,159915,77524,48.48,75383,69144,43.24,68713,42.97,25,COI,MS,surface
925014,198108,95257,48.08,93072,84453,42.63,83892,42.35,25,COI,MS,surface
925015,196047,95808,48.87,93563,84122,42.91,83550,42.62,25,COI,MS,surface
925016,188129,90923,48.33,88845,79716,42.37,79076,42.03,25,COI,MS,surface
925017,241281,117633,48.75,115300,104659,43.38,103893,43.06,25,COI,MS,surface
925018,154043,74990,48.68,73208,65202,42.33,64679,41.99,25,COI,MS,surface
925019,163989,79736,48.62,77788,69255,42.23,68766,41.93,25,COI,MS,surface
925020,177342,86118,48.56,84009,76778,43.29,76320,43.04,25,COI,MS,surface
925021,183701,88766,48.32,86751,77055,41.95,76586,41.69,25,COI,MS,surface
925022,169966,81213,47.78,79319,67752,39.86,67097,39.48,25,COI,MS,surface
925023,162539,78651,48.39,76683,68721,42.28,68174,41.94,25,COI,MS,surface
925024,174541,84826,48.6,82580,70862,40.6,70190,40.21,25,COI,MS,surface
925025,163332,78242,47.9,76334,63876,39.11,63009,38.58,25,COI,MS,surface
925026,176516,85338,48.35,83259,69299,39.26,68468,38.79,25,COI,MS,surface
925027,160753,77503,48.21,75712,65378,40.67,64678,40.23,25,COI,MS,surface
925028,187104,89512,47.84,87533,72591,38.8,71380,38.15,25,COI,MS,surface
925029,174629,82806,47.42,80795,66550,38.11,65597,37.56,25,COI,MS,surface
925030,149672,70466,47.08,68567,56003,37.42,55047,36.78,25,COI,MS,surface
925031,170052,81326,47.82,79891,63547,37.37,62272,36.62,25,COI,MS,surface
925032,147135,68699,46.69,67139,52667,35.8,51441,34.96,25,COI,MS,surface
925033,145545,67882,46.64,66714,49824,34.23,48648,33.42,25,COI,MS,surface
925034,138331,66087,47.77,65248,63157,45.66,63040,45.57,25,COI,MS,surface
925035,163327,78797,48.24,77781,74687,45.73,74448,45.58,25,COI,MS,surface
925036,185279,89672,48.4,88742,85522,46.16,85251,46.01,25,COI,MS,surface
925037,169186,82981,49.05,82168,79267,46.85,79129,46.77,25,COI,MS,surface
925038,168215,81234,48.29,80395,78185,46.48,78053,46.4,25,COI,MS,surface
925039,139391,68504,49.15,67874,66200,47.49,66108,47.43,25,COI,MS,surface
925040,3545,626,17.66,556,543,15.32,543,15.32,25,COI,MS,blank
925041,187790,91577,48.77,90887,88701,47.23,88530,47.14,25,COI,MS,surface
925042,169740,83182,49.01,82656,81001,47.72,80872,47.64,25,COI,MS,surface
925043,198467,96641,48.69,95935,92896,46.81,92631,46.67,25,COI,MS,surface
925044,154887,75723,48.89,74613,71475,46.15,71362,46.07,25,COI,MS,surface
925045,185239,90234,48.71,89005,85862,46.35,85593,46.21,25,COI,MS,surface
925046,194076,94547,48.72,93226,89293,46.01,89031,45.87,25,COI,MS,surface
925047,203717,99977,49.08,98559,94407,46.34,94064,46.17,25,COI,MS,surface
925048,152860,75261,49.24,73963,71090,46.51,70855,46.35,25,COI,MS,surface
925049,185920,90136,48.48,88613,84830,45.63,84549,45.48,25,COI,MS,surface
925050,122126,58513,47.91,57253,55264,45.25,55188,45.19,25,COI,MS,surface
925051,167372,81319,48.59,80132,77307,46.19,77175,46.11,25,COI,MS,surface
925052,164654,80258,48.74,78931,76041,46.18,75916,46.11,25,COI,MS,surface
925053,175368,85899,48.98,84835,82140,46.84,81975,46.74,25,COI,MS,surface
925054,170328,83457,49.0,82452,79466,46.65,79324,46.57,25,COI,MS,surface
925055,166901,81894,49.07,81046,78842,47.24,78740,47.18,25,COI,MS,surface
925056,169661,82455,48.6,81557,78999,46.56,78887,46.5,25,COI,MS,surface
925057,167031,81696,48.91,80650,78117,46.77,77958,46.67,25,COI,MS,surface
925058,152796,75318,49.29,74307,71634,46.88,71503,46.8,25,COI,MS,surface
925059,168130,80968,48.16,79797,75635,44.99,75387,44.84,25,COI,MS,surface
925060,180529,88075,48.79,86859,82570,45.74,82250,45.56,25,COI,MS,surface
925061,171209,83218,48.61,82041,77801,45.44,77515,45.28,25,COI,MS,surface
925062,153016,74461,48.66,73306,70755,46.24,70569,46.12,25,COI,MS,surface
925063,180467,87553,48.51,86677,84144,46.63,83981,46.54,25,COI,MS,surface
925064,177996,86741,48.73,85555,83019,46.64,82800,46.52,25,COI,MS,surface
925065,175050,85481,48.83,84159,80448,45.96,80279,45.86,25,COI,MS,surface
925066,158166,77021,48.7,76403,74109,46.86,74011,46.79,25,COI,MS,surface
925067,206711,100273,48.51,98664,94151,45.55,93709,45.33,25,COI,MS,surface
925068,138745,67479,48.64,66353,63869,46.03,63646,45.87,25,COI,MS,surface
925069,176216,85628,48.59,84582,81889,46.47,81753,46.39,25,COI,MS,surface
925070,185405,90685,48.91,89681,86602,46.71,86421,46.61,25,COI,MS,surface
925071,158227,76558,48.38,75683,73558,46.49,73423,46.4,25,COI,MS,surface
925072,177630,87000,48.98,85957,82912,46.68,82659,46.53,25,COI,MS,surface
925073,164829,80295,48.71,79406,77030,46.73,76898,46.65,25,COI,MS,surface
925074,177699,87158,49.05,85639,82271,46.3,82036,46.17,25,COI,MS,surface
925075,162568,79518,48.91,78556,75820,46.64,75714,46.57,25,COI,MS,surface
925076,162117,79167,48.83,78088,75441,46.53,75306,46.45,25,COI,MS,surface
925077,494,111,22.47,70,64,12.96,64,12.96,25,COI,MS,blank
975-ENEG-1,1607,235,14.62,172,152,9.46,152,9.46,25,COI,MS,blank
975-ENEG-2,1547,142,9.18,103,74,4.78,74,4.78,25,COI,MS,blank
976-ENEG-1,1576,166,10.53,124,117,7.42,117,7.42,25,COI,MS,blank
976-ENEG-2,976,124,12.7,77,70,7.17,70,7.17,25,COI,MS,blank
977-ENEG-1,1150,188,16.35,130,119,10.35,119,10.35,25,COI,MS,blank
977-ENEG-2,863,110,12.75,70,68,7.88,68,7.88,25,COI,MS,blank
978-ENEG-1,1839,145,7.88,109,105,5.71,105,5.71,25,COI,MS,blank
925001,53642,51022,95.12,46836,43850,81.75,43850,81.75,25,mifish,MS,surface
925002,115825,109280,94.35,108377,103960,89.76,103483,89.34,25,mifish,MS,surface
925003,86405,79348,91.83,78089,74496,86.22,74312,86.0,25,mifish,MS,surface
925004,154768,152395,98.47,149326,142477,92.06,141921,91.7,25,mifish,MS,surface
925005,228269,225657,98.86,223668,218014,95.51,217469,95.27,25,mifish,MS,surface
925006,180661,178804,98.97,172959,168468,93.25,168044,93.02,25,mifish,MS,surface
925007,92043,90416,98.23,89312,83260,90.46,82800,89.96,25,mifish,MS,surface
925008,217464,208447,95.85,206379,199314,91.65,197823,90.97,25,mifish,MS,surface
925009,180456,174576,96.74,170631,161027,89.23,153816,85.24,25,mifish,MS,surface
925010,139488,133994,96.06,131094,124256,89.08,123870,88.8,25,mifish,MS,surface
925011,131744,130116,98.76,127431,122428,92.93,121519,92.24,25,mifish,MS,surface
925012,217005,212326,97.84,208356,202094,93.13,200376,92.34,25,mifish,MS,surface
925013,235180,233023,99.08,229251,217193,92.35,216878,92.22,25,mifish,MS,surface
925014,228836,225312,98.46,222148,214131,93.57,212996,93.08,25,mifish,MS,surface
925015,153726,149972,97.56,147823,142940,92.98,141951,92.34,25,mifish,MS,surface
925016,198256,195755,98.74,192720,184689,93.16,182739,92.17,25,mifish,MS,surface
925017,193008,190891,98.9,188850,183750,95.2,183711,95.18,25,mifish,MS,surface
925018,194042,190749,98.3,189375,182174,93.88,179317,92.41,25,mifish,MS,surface
925019,184250,181439,98.47,178784,169248,91.86,169046,91.75,25,mifish,MS,surface
925020,195546,193014,98.71,190160,183004,93.59,182148,93.15,25,mifish,MS,surface
925021,190269,188267,98.95,187131,179654,94.42,179477,94.33,25,mifish,MS,surface
925022,179630,171764,95.62,167460,157991,87.95,156974,87.39,25,mifish,MS,surface
925023,200584,197461,98.44,194831,179676,89.58,178595,89.04,25,mifish,MS,surface
925024,203154,201116,99.0,198503,185307,91.22,184085,90.61,25,mifish,MS,surface
925025,184913,182886,98.9,180710,169157,91.48,168732,91.25,25,mifish,MS,surface
925026,206420,203435,98.55,200850,189720,91.91,187613,90.89,25,mifish,MS,surface
925027,174290,172193,98.8,169112,161886,92.88,160956,92.35,25,mifish,MS,surface
925028,176104,174569,99.13,172290,160374,91.07,160334,91.05,25,mifish,MS,surface
925029,148734,146603,98.57,143046,126909,85.33,122886,82.62,25,mifish,MS,surface
925030,109801,108244,98.58,106760,94269,85.85,93985,85.6,25,mifish,MS,surface
925031,136961,135455,98.9,133743,118581,86.58,118577,86.58,25,mifish,MS,surface
925032,175875,170104,96.72,164692,146896,83.52,145769,82.88,25,mifish,MS,surface
925033,34417,32460,94.31,31406,25382,73.75,25378,73.74,25,mifish,MS,surface
925034,27796,27009,97.17,26385,24618,88.57,24618,88.57,25,mifish,MS,surface
925035,180565,177030,98.04,175464,167711,92.88,166612,92.27,25,mifish,MS,surface
925036,131531,128808,97.93,127384,121574,92.43,119380,90.76,25,mifish,MS,surface
925037,130437,128274,98.34,126594,121616,93.24,118292,90.69,25,mifish,MS,surface
925038,65866,64766,98.33,63472,59595,90.48,59591,90.47,25,mifish,MS,surface
925039,77030,75178,97.6,74942,73257,95.1,69877,90.71,25,mifish,MS,surface
925040,30557,25050,81.98,23967,23303,76.26,23303,76.26,25,mifish,MS,blank
925041,109920,107516,97.81,106641,102087,92.87,100358,91.3,25,mifish,MS,surface
925042,77684,76015,97.85,75609,73023,94.0,73018,93.99,25,mifish,MS,surface
925043,108148,105265,97.33,103918,99212,91.74,98503,91.08,25,mifish,MS,surface
925044,99273,96856,97.57,95783,92116,92.79,91597,92.27,25,mifish,MS,surface
925045,104259,102406,98.22,101108,94100,90.26,93625,89.8,25,mifish,MS,surface
925046,205513,201679,98.13,200548,192346,93.59,189245,92.08,25,mifish,MS,surface
925047,152307,150448,98.78,148361,141710,93.04,140157,92.02,25,mifish,MS,surface
925048,121416,119026,98.03,117932,108805,89.61,108789,89.6,25,mifish,MS,surface
925049,156677,151316,96.58,149589,141351,90.22,139468,89.02,25,mifish,MS,surface
925050,47355,45772,96.66,44811,41522,87.68,40605,85.75,25,mifish,MS,surface
925051,64536,63613,98.57,62996,59766,92.61,59757,92.59,25,mifish,MS,surface
925052,67366,66038,98.03,65588,61059,90.64,61002,90.55,25,mifish,MS,surface
925053,112626,107277,95.25,106595,103056,91.5,102144,90.69,25,mifish,MS,surface
925054,60297,58649,97.27,57817,50902,84.42,50889,84.4,25,mifish,MS,surface
925055,142203,138965,97.72,137640,131172,92.24,128212,90.16,25,mifish,MS,surface
925056,67771,63523,93.73,63204,60563,89.36,57591,84.98,25,mifish,MS,surface
925057,130752,126809,96.98,125603,121945,93.26,121126,92.64,25,mifish,MS,surface
925058,105706,103461,97.88,102304,98489,93.17,97889,92.6,25,mifish,MS,surface
925059,150458,147663,98.14,146018,139783,92.9,136978,91.04,25,mifish,MS,surface
925060,97605,96336,98.7,94589,88869,91.05,88227,90.39,25,mifish,MS,surface
925061,166030,162513,97.88,159133,149169,89.84,148823,89.64,25,mifish,MS,surface
925062,138832,135658,97.71,131538,127382,91.75,126724,91.28,25,mifish,MS,surface
925063,129536,126195,97.42,124826,118623,91.58,113909,87.94,25,mifish,MS,surface
925064,108137,106490,98.48,105287,99040,91.59,96931,89.64,25,mifish,MS,surface
925065,194899,191006,98.0,189739,183176,93.99,176232,90.42,25,mifish,MS,surface
925066,77475,75840,97.89,75381,73611,95.01,58829,75.93,25,mifish,MS,surface
925067,161777,158881,98.21,157473,151406,93.59,146055,90.28,25,mifish,MS,surface
925068,204690,200798,98.1,198736,189521,92.59,181821,88.83,25,mifish,MS,surface
925069,63006,61950,98.32,61528,58574,92.97,57621,91.45,25,mifish,MS,surface
925070,210784,205343,97.42,204128,196289,93.12,195151,92.58,25,mifish,MS,surface
925071,139088,136374,98.05,135335,131430,94.49,128809,92.61,25,mifish,MS,surface
925072,97944,94286,96.27,93381,89945,91.83,89942,91.83,25,mifish,MS,surface
925073,205466,202159,98.39,200275,194847,94.83,194783,94.8,25,mifish,MS,surface
925074,213855,209981,98.19,208381,202344,94.62,199189,93.14,25,mifish,MS,surface
925075,226412,222517,98.28,221143,212881,94.02,205847,90.92,25,mifish,MS,surface
925076,224986,220995,98.23,219470,211596,94.05,196707,87.43,25,mifish,MS,surface
925077,2059,1730,84.02,1359,1032,50.12,1032,50.12,25,mifish,MS,blank
975-ENEG-1,1790,1565,87.43,1269,835,46.65,835,46.65,25,mifish,MS,blank
975-ENEG-2,3794,1335,35.19,1131,807,21.27,807,21.27,25,mifish,MS,blank
976-ENEG-1,1425,1174,82.39,1019,751,52.7,751,52.7,25,mifish,MS,blank
976-ENEG-2,4273,1478,34.59,1171,677,15.84,677,15.84,25,mifish,MS,blank
977-ENEG-1,2210,1971,89.19,1736,1276,57.74,1276,57.74,25,mifish,MS,blank
977-ENEG-2,1757,815,46.39,640,462,26.29,462,26.29,25,mifish,MS,blank
978-ENEG-1,3748,1338,35.7,1049,638,17.02,638,17.02,25,mifish,MS,blank
